v0,v1,v2,v3,v4,v5,v6,v7,v8,v9,v10,v11,v12,v13,v14,v15,v16,v17,v18,v19,v20,v21,v22,v23,v24,v25,v26,v27,v28,v29,v30,v31,v32,v33,v34,v35,v36,v37,v38,v39,v40,v41,v42,v43,v44,v45,v46,v47,v48,v49,v50,v51,v52,v53,v54,v55,v56,v57,v58,v59,v60,v61,v62,v63,v64,v65,v66,v67,v68,v69,v70,v71,v72,v73,v74,v75,v76,v77,v78,v79,v80,v81,v82,v83,v84,v85,v86,v87,v88,v89,v90,v91,v92,v93,v94,v95,v96,v97,v98,v99
0.0,0.0,0.0,0.0,0.0,0.0,0.013424388,0.78406143,0.0,0.0,0.870032,0.0,0.0,0.0,0.27463186,0.0,1.0,0.0,1.0,0.0,0.0,0.0,0.0,0.0,0.0,0.0,0.0,0.0,0.5459151,0.0,0.0,0.9870167,0.0,0.0,0.0,0.0,0.0,0.0,0.0,0.0,0.0,0.0,0.0,0.0,0.0,0.90576303,0.0,0.0,0.44839662,0.0,0.0,0.0,0.0,0.0,0.7129732,0.4606844,0.8215891,0.0,0.0,0.0,0.0,0.0,0.0,0.0,0.0,0.0,0.0,0.0,0.0,0.0,0.0,0.0,0.0,0.0,0.0,0.0,0.0,0.28534323,0.0,0.0,0.47691575,0.0,0.43840832,0.2640782,0.0,0.0,0.0,0.77568257,0.0,0.0,0.0,0.87426513,0.0,0.0,0.0,0.0,0.0,0.0,0.0,0.0
0.0,0.0,0.0,0.0,0.0,0.0,0.018185902,0.0,0.0,0.0,0.0,0.85614103,0.0,0.0,0.0,0.0,0.84143025,0.0,0.0,0.0,0.0,0.0,0.0,0.8488748,0.0,0.0,0.0,0.0,0.99231094,0.0,0.0,0.0,0.0,0.0,0.0,0.110797875,0.0,0.0,0.0,0.5962431,0.0,0.0,0.0,0.0,0.0,0.0,0.0,0.0,0.48559186,0.0,0.0,0.0,0.0,0.0,0.6177599,0.6984601,0.60144365,0.0,0.4973072,0.0,0.0,0.0,0.0,0.0,0.0,0.0,0.0,0.0,1.0,0.0,0.0,0.0,0.39366078,0.0,0.92621285,0.91910064,0.0,0.0,0.0,0.0,0.0,0.0,0.0,0.0,0.0,0.0,0.0,0.535152,0.0,0.0,0.0,0.0,0.0,0.0,0.62490344,0.0,0.0,0.0,0.89198446,0.0
0.0,0.0,0.0,1.0,1.0,0.0,0.0,0.0,0.0,0.0,0.5857241,0.0,0.0,0.0,0.17475882,0.0,0.735944,0.0,0.0,0.0,0.82592314,0.0,0.0,0.88471514,0.0,0.0,0.0,0.0,0.0,0.0,0.0,0.0,0.0,0.0,0.0,0.0,0.0,0.26905954,0.0,0.40210697,0.0,0.56707615,0.0,0.0,0.0,0.0,0.0,0.0,0.0,0.0,0.0,0.43195984,0.0,0.0,0.0,0.12764308,0.8822626,0.0,0.0,0.0,0.0,0.0,0.0,0.0,0.0,0.0,0.0,0.0,0.0,0.0,1.0,0.0,0.0,0.0,0.0,0.00641187,0.0,0.0,0.0,0.0,0.7559306,0.0,0.11660888,0.0,0.0,0.0,0.0,0.32293862,0.0,0.0,0.0,0.7032943,0.22958514,0.9100592,0.5765967,0.0,0.0,0.0,0.62617844,0.0
0.0,0.0,0.0,0.0,0.0,0.0,0.0,0.0,0.0,0.0,0.0,0.53185725,0.0,0.0,0.0,0.0,0.8793299,0.0,0.0,0.0,0.0,0.0,0.0,0.85170907,0.0,0.0,0.0,0.0,0.93047315,0.0,0.0,0.0,0.0,0.0,0.0,0.0993493,0.0,0.0,0.0,0.61986494,0.0,0.0,0.0,0.0,0.0,0.0,0.0,0.0,0.4434439,0.0,0.0,0.0,0.0,0.0,0.7202084,0.6381503,0.5537555,0.0,0.49987707,0.0,0.0,0.0,0.0,0.0,0.0,0.0,0.0,0.0,0.9730019,0.0,0.0,0.0,0.35516673,0.0,0.9531561,0.8721132,0.0,0.0,0.0,0.0,0.0048444616,0.0,0.0,0.0,0.0,0.0,0.0,0.60459447,0.0,0.0,0.0,0.0,0.0,0.0,0.6094191,0.0,0.0,0.0,0.8358386,0.0
0.0,0.0,0.0,0.5238115,0.33166635,0.0,0.0,0.4403976,0.4484196,0.0,0.25849903,0.0,0.1699579,0.0,0.0,0.0,0.49333036,0.0,0.0,0.0,0.8753337,0.0,0.0,0.21143381,0.0,0.0,0.0,0.0,0.35381985,0.0,0.4747273,0.0,0.0,0.0,0.0,0.52081555,0.0,0.0,0.0,0.59152883,0.0,1.0,0.0,0.0,0.0,0.0,0.0,0.0,0.0,0.0,0.0,0.72704476,0.0,0.0,0.3336845,0.30686027,0.15221354,0.0,0.0,0.0,0.0,0.0,0.2805298,0.0,0.4661759,0.19348142,0.0,0.0,0.0,0.0,0.45990038,0.0,0.3269148,0.0,0.0,0.3534415,0.0,0.0,0.0,0.0,0.44207752,0.0,0.35503927,0.0,0.0,0.0,0.0,0.22743464,0.0,0.0,0.0,0.8393416,0.19756393,0.90785694,0.59817123,0.0,0.36720228,0.0,0.9834979,0.0
0.0,0.0,0.0,0.0,0.0,0.0,0.21436183,0.1799025,0.8845721,0.0,1.0,0.0,0.0,0.0,0.0,0.0,0.13541599,0.20628023,0.72596925,0.0,0.0,0.0,0.0,0.0,0.0,0.0,0.0,0.0,0.0,0.0,0.0,0.0,0.0,0.0,0.74229026,0.0,0.9262713,0.0,0.0,0.0,0.0,0.0,0.0,0.0,0.0,0.0,0.0,0.0,0.75680584,0.0,0.0,0.0,0.0,0.0,0.0,0.8319256,0.0,0.0,0.5401184,0.0,0.0,0.0,0.33917457,0.0,0.0,0.0,0.81390655,0.0,0.0,0.0,0.0,0.3947864,0.44311842,0.0,0.0,0.0,0.28152072,0.95872617,0.0,0.0,0.6350959,0.0,0.0,0.2317103,0.0,0.0,0.0,0.2911074,0.0,0.0,0.0,0.0,0.013284332,0.0,0.3015635,0.0,0.0,0.0,0.0,0.0
0.0,0.0,0.0,0.0,0.0,0.0,0.5004616,0.8277173,0.74660623,0.0,0.0,0.0,0.0,0.0,0.0,0.0,0.25677264,0.0,0.51228464,0.0,0.0,0.0,0.0,0.0,0.0,0.0,0.0,0.0,0.19277892,0.0,0.0,0.0,0.0,0.0,0.0,0.61021644,0.6771728,0.0,0.0,0.74277925,0.0,0.0,0.0,0.0,0.0,0.0,0.0,0.0,0.47430408,0.0,0.0,0.0,0.0,0.0,0.0,0.51568705,0.0,1.0,0.040470567,0.0,0.0,0.0,0.43501273,0.0,0.0,0.0,0.13849093,0.0,0.0,0.0,0.0,0.0,0.11722893,0.0,0.0,0.4887095,0.0,0.7770338,0.0,0.94687593,0.14540248,1.0,0.0,0.0,0.0,0.0,0.0,0.28218132,1.0,0.0,0.0,0.0,0.0,0.0,0.4515931,0.0,0.8827941,0.0,0.0,0.0
0.0,0.0,0.0,0.0,0.0,0.0,0.0,0.0,0.0,0.0,0.0,0.0,0.0,0.0,0.0,0.0,0.6100434,0.8303618,0.25710863,0.0,0.0,0.0,0.0,0.0,0.0,0.0,0.0,0.0,0.0,0.0,0.0,0.0,0.0,0.0,0.0,0.0,0.0,0.0,0.0,0.34370008,0.0,0.0,0.0,0.85433024,0.0,0.0,0.0,0.0,0.14443666,0.0,0.0,0.0,0.0,0.0,0.9558273,0.40658718,0.0,0.0,0.919913,0.0,0.0,0.0,0.51575357,0.0,0.0,0.0,0.0,0.0,0.0,0.0,0.0,0.0,0.07063675,0.0,0.0,0.0,0.7203869,0.23508352,0.0,0.0,0.2295899,0.0,0.0,0.9313144,0.0,0.0,0.0,0.9007767,0.0,0.0,0.0,0.0,0.0,0.0,0.78814816,0.0,0.0,0.0,0.0,0.0
0.0,0.0,0.0,0.0,0.0,0.0,0.033512615,0.67891943,0.9066317,0.0,0.0,0.0,0.68145514,0.0,0.0,0.0,0.094796695,0.0,0.0,0.0,0.4464877,0.0,0.0,0.0,0.0,0.0,0.0,0.0,0.71201,0.0,0.9576724,0.0,0.0,0.0,0.0,0.8236928,0.0,0.0,0.0,0.48065108,0.0,0.86292595,0.0,0.0,0.0,0.0,0.0,0.0,0.0,0.0,0.0,0.7489968,0.0,0.0,0.43366843,0.36050272,0.0,0.0,0.0,0.0,0.0,0.0,0.37832454,0.0,0.82080156,0.28110442,0.41268125,0.0,0.0,0.0,0.0,0.0,0.5958634,0.0,0.0,0.47048107,0.0,0.0,0.0,0.0,0.053678483,0.0,0.3471801,0.0,0.0,0.0,0.0,0.06474535,0.0,0.0,0.0,0.46554783,0.024721142,0.5022096,0.44290227,0.0,0.620205,0.0,0.6502579,0.0
0.0,0.0,0.0,0.0,0.0,0.0,0.031880908,0.7415757,0.04477318,0.0,0.9551401,0.0,0.0,0.0,0.0,0.0,0.90618587,0.0,0.9456444,0.0,0.0,0.0,0.0,0.0,0.0,0.0,0.0,0.0,0.73151225,0.0,0.0,0.93920845,0.0,0.0,0.0,0.0,0.0,0.0,0.0,0.0,0.0,0.0,0.0,0.0,0.0,0.73958284,0.0,0.0,0.53474456,0.0,0.0,0.0,0.0,0.0,0.7383002,0.5129241,0.8091826,0.0,0.0,0.0,0.0,0.0,0.0,0.0,0.0,0.0,0.0,0.0,0.0,0.0,0.0,0.0,0.0,0.0,0.0,0.0,0.0,0.35568082,0.0,0.0,0.50696427,0.0,0.5641543,0.35176826,0.0,0.0,0.0,0.6788532,0.0,0.0,0.0,0.95224226,0.0,0.0,0.0,0.0,0.0,0.0,0.0,0.0
0.0,0.0,0.0,0.0,0.0,0.0,0.0,0.0,0.0,0.0,0.0,0.0,0.0,0.0,0.0,0.9701606,0.0,0.95380235,0.0,0.93325514,0.0,0.0,0.0,0.0,0.0,0.0,0.0,0.0,0.0,0.0,0.0,0.0,0.0,0.0,0.0,0.0,0.0,0.0,0.0,0.0,0.0,0.0,0.0,0.5751545,0.0,0.0,0.0,0.0,0.6486141,0.9033663,0.0,0.0,0.8609898,0.0,0.0,0.19719647,0.0,0.0,0.0,0.0,0.0,0.0,0.80833787,0.92626154,0.0,0.0,0.0,0.0,0.0,0.0,0.0,0.889891,0.94661,0.0,0.0,0.0,0.4452838,0.13628349,0.0,0.0,0.93505055,0.0,0.0,0.2688266,0.0,0.75782806,0.0,0.30955878,0.0,0.5279859,0.0,0.0,0.0,0.0,0.0,0.0,0.0,0.41213217,0.0,0.0
0.0,0.0,0.0,0.0,0.0,0.0,0.48388463,0.0,0.95565975,0.0,0.0,0.0,0.0,0.0,0.0,0.08910928,0.0,0.0,0.49193734,0.0,0.0,0.0,0.0,0.0,0.0,0.748313,0.0,0.0,0.0,0.0,0.0,0.0,0.0,0.0,0.0,0.8348812,0.0,0.0,0.0,0.69593024,0.0,0.0,0.0,0.33947793,0.0,0.0,0.0,0.0,0.92327446,0.0,0.0,0.0,0.0,0.0,0.0,0.8605738,0.61191994,0.0,0.7288191,0.0,0.0,0.0,0.6498263,0.0,0.0,0.0,0.0,0.0,0.0,0.0,0.0,0.8942573,0.39073843,0.0,0.0,0.0,0.62630063,0.11764607,0.0,0.0,0.0,0.0,0.0,0.297865,0.0,0.0,0.0,0.7053575,0.0,0.0,0.0,0.0,0.0,0.0,0.0,0.0,0.09213081,0.0,0.0,0.0
0.0,0.0,0.0,0.0,0.0,0.0,0.0,0.0,0.0,0.0,0.0,0.0,0.0,0.0,0.0,0.0,0.61440206,0.7343658,0.22665705,0.0,0.0,0.0,0.0,0.0,0.0,0.0,0.0,0.0,0.0,0.0,0.0,0.0,0.0,0.0,0.0,0.0,0.0,0.0,0.0,0.3209277,0.0,0.0,0.0,0.8136007,0.0,0.0,0.0,0.0,0.15117587,0.0,0.0,0.0,0.0,0.0,0.9000874,0.48255405,0.0,0.0,0.9734464,0.0,0.0,0.0,0.6054186,0.0,0.0,0.0,0.0,0.0,0.0,0.0,0.0,0.0,0.1509748,0.0,0.0,0.0,0.7943793,0.31081787,0.0,0.0,0.31227255,0.0,0.0,0.9134691,0.0,0.0,0.0,0.8761411,0.0,0.0,0.0,0.0,0.0,0.0,0.7921923,0.0,0.0,0.0,0.0,0.0
0.0,0.0,0.0,0.0,0.0,0.0,0.036413617,0.0,0.36117885,0.0,0.0,0.0,0.0,0.0,0.0,0.0,0.0,0.32132494,0.0,0.8535556,0.0,0.0,0.0,0.0,0.8221188,0.558584,0.0,0.0,0.0,0.0,0.0,0.0,0.0,0.0,0.0,0.0,0.0,0.0,0.0,0.0,0.0,0.0,0.0,0.74169827,0.0,0.0,0.0,0.0,0.13446271,0.8671945,0.54826844,0.0,0.6053057,0.0,0.0,0.34620672,0.0,0.0,0.058673926,0.0,0.0,0.0,0.0,0.94731665,0.0,0.0,0.0,0.0,0.0,0.0,0.0,0.7331784,0.0,0.0,0.0,0.0,0.8443948,0.0,0.0,0.0,0.0,0.0,0.16778894,0.0,0.0,0.99958676,0.0,0.06071475,0.0,0.98410386,0.0,0.0,0.0,0.0,0.76260364,0.78809404,0.0,0.9651985,0.0,0.0
0.0,0.0,0.0,0.0,0.0,0.0,0.0,0.0,0.0,0.0,0.0,1.0,0.0,0.0,0.0,0.0,0.8167079,0.0,0.0,0.0,0.0,0.0,0.0,0.86782914,0.0,0.0,0.0,0.0,0.97077584,0.0,0.0,0.0,0.0,0.0,0.0,0.0,0.0,0.0,0.0,0.4808147,0.0,0.0,0.0,0.0,0.0,0.0,0.0,0.0,0.5148328,0.0,0.0,0.0,0.0,0.0,0.63923264,0.6622036,0.7889325,0.0,0.52525544,0.0,0.0,0.0,0.0,0.0,0.0,0.0,0.0,0.0,0.97331417,0.0,0.0,0.0,0.4119173,0.0,0.995094,0.9295326,0.0,0.0,0.0,0.0,0.0,0.0,0.0,0.0,0.0,0.0,0.0,0.47250608,0.0,0.0,0.0,0.0,0.0,0.0,0.6044842,0.0,0.0,0.0,0.92862386,0.0
0.0,0.0,0.0,0.0,0.0,0.0,0.9314836,0.9166551,1.0,0.0,0.0,0.0,0.0,0.0,0.01937624,0.0,0.0,0.12367117,0.70341766,0.0,0.0,0.0,0.0,0.0,0.6745196,0.35650852,0.0,0.0,0.0,0.6967636,0.0,0.0,0.0,0.0,0.875155,0.0,0.0,0.0,0.68615824,0.0,0.0,0.0,0.0,0.32433367,0.0,0.0,0.0,0.0,0.3498321,0.0,0.84634453,0.0,0.0,0.0,0.0,0.54040605,0.0,0.0,0.0,0.044691328,0.0,0.0,0.0,0.0,0.0,0.0,0.0,0.0,0.0,0.0,0.0,0.009112477,0.0,0.0,0.0,0.0,0.26058826,0.0,0.0,0.0,0.0,0.0,0.6910398,0.0,0.0,0.0,0.0,0.0,0.0,0.0,0.0,0.0,0.77561873,0.0,0.39821687,0.0,0.0,0.7200536,0.0,0.0
0.0,0.0,0.0,0.0,0.0,0.0,0.0,0.0,0.0,0.0,0.0,0.94822973,0.0,0.0,0.0,0.0,0.84873676,0.0,0.0,0.0,0.0,0.0,0.0,0.9155059,0.0,0.0,0.0,0.0,1.0,0.0,0.0,0.0,0.0,0.0,0.0,0.0,0.0,0.0,0.0,0.5345381,0.0,0.0,0.0,0.0,0.0,0.0,0.0,0.0,0.4429249,0.0,0.0,0.0,0.0,0.0,0.690405,0.6269774,0.55089885,0.0,0.51149845,0.0,0.0,0.0,0.0,0.0,0.0,0.0,0.0,0.0,0.94459397,0.0,0.0,0.0,0.42239577,0.0,1.0,0.8768778,0.0,0.0,0.0,0.0,0.0,0.0,0.0,0.0,0.0,0.0,0.0,0.53548694,0.0,0.0,0.0,0.0,0.0,0.0,0.5990282,0.0,0.0,0.0,0.885938,0.0
0.0,0.0,0.0,0.0,0.0,0.0,0.0,0.0,0.0,0.0,0.0,0.0,0.0,0.0,0.0,0.0,0.49088898,0.70904076,0.22151424,0.0,0.0,0.0,0.0,0.0,0.0,0.0,0.0,0.0,0.0,0.0,0.0,0.0,0.0,0.0,0.0,0.0,0.0,0.0,0.0,0.20496744,0.0,0.0,0.0,0.8545245,0.0,0.0,0.0,0.0,0.11067316,0.0,0.0,0.0,0.0,0.0,0.9282711,0.46132815,0.0,0.0,0.99511516,0.0,0.0,0.0,0.63533944,0.0,0.0,0.0,0.0,0.0,0.0,0.0,0.0,0.0,0.122003876,0.0,0.0,0.0,0.80234474,0.29475003,0.0,0.0,0.19392872,0.0,0.062353905,0.9106008,0.0,0.0,0.0,0.9059453,0.0,0.0,0.0,0.0,0.0,0.0,0.8489866,0.0,0.0,0.0,0.0,0.0
0.0,0.0,0.0,0.0,0.0,0.0,0.0,0.73065597,0.0,0.0,0.81973356,0.0,0.0,0.0,0.0,0.0,0.95859843,0.0,0.97444147,0.0,0.0,0.0,0.0,0.0,0.0,0.0,0.0,0.0,0.53962034,0.0,0.0,0.95084935,0.0,0.0,0.0,0.0,0.0,0.0,0.0,0.0,0.0,0.0,0.0,0.025247347,0.0,0.7397192,0.0,0.0,0.48476803,0.0,0.0,0.0,0.0,0.0,0.7968183,0.5350054,0.7925254,0.0,0.0,0.0,0.0,0.0,0.011425286,0.0,0.0,0.0,0.0,0.0,0.0,0.0,0.0,0.0,0.0,0.0,0.0,0.0,0.0,0.4488507,0.0,0.0,0.4115714,0.0,0.46689892,0.45839968,0.0,0.0,0.0,0.7435324,0.0,0.0,0.0,0.753341,0.0,0.0,0.0,0.0,0.0,0.0,0.0,0.0
0.0,0.0,0.0,0.0,0.0,0.0,0.0,0.73834985,0.9293155,0.0,0.0,0.0,0.5806545,0.0,0.0,0.0,0.0,0.0,0.0,0.0,0.32329786,0.0,0.0,0.0,0.0,0.0,0.0,0.0,0.7613731,0.0,1.0,0.0,0.0,0.0,0.0,0.73401695,0.0,0.0,0.0,0.42828396,0.0,0.8402282,0.0,0.0,0.0,0.0,0.0,0.0,0.0,0.0,0.0,0.7456337,0.0,0.0,0.50514513,0.37415147,0.0,0.0,0.0,0.0,0.0,0.0,0.36701608,0.0,1.0,0.14141452,0.5541599,0.0,0.0,0.0,0.0,0.0,0.7230579,0.0,0.0,0.3835998,0.0,0.0,0.0,0.0,0.0,0.0,0.30287188,0.0,0.0,0.0,0.0,0.00074378436,0.0,0.0,0.0,0.32017934,0.11635615,0.42578906,0.43621066,0.0,0.6074907,0.0,0.54882556,0.0
0.0,0.0,0.0,0.0,0.0,0.0,0.23351441,0.0,0.38141686,0.0,0.0,0.0,0.0,0.0,0.0,0.0,0.0,0.18590875,0.0,0.69941807,0.0,0.0,0.0,0.0,0.946963,0.71509576,0.0,0.0,0.0,0.0,0.0,0.0,0.0,0.0,0.0,0.0,0.0,0.0,0.0,0.0,0.0,0.0,0.0,0.7515461,0.0,0.0,0.0,0.0,0.11603409,0.72652376,0.56079483,0.0,0.47456798,0.0,0.0,0.35415015,0.0,0.0,0.11657245,0.0,0.0,0.0,0.0,0.849632,0.0,0.0,0.0,0.0,0.0,0.0,0.0,0.7355416,0.0,0.0,0.0,0.0,0.8646165,0.0,0.0,0.0,0.0,0.0,0.2539098,0.0,0.0,1.0,0.0,0.012949156,0.0,0.93868935,0.0,0.0,0.0,0.0,0.7318157,0.9164666,0.0,0.9230082,0.0,0.0
0.0,0.0,0.0,0.7992722,0.7189327,0.0,0.0,0.19785005,0.056961548,0.0,0.51685005,0.0,0.0,0.0,0.0,0.0,0.7779196,0.0,0.0,0.0,0.90453666,0.0,0.0,0.62604135,0.0,0.0,0.0,0.0,0.0,0.0,0.0,0.0,0.0,0.0,0.0,0.07882905,0.0,0.3760942,0.0,0.45208302,0.0,0.64303875,0.0,0.0,0.0,0.0,0.0,0.0,0.0,0.0,0.0,0.5898807,0.0,0.0,0.12268829,0.15465581,0.789872,0.0,0.0,0.0,0.0,0.0,0.096867085,0.0,0.0,0.23670278,0.0,0.0,0.0,0.0,0.8867882,0.0,0.0,0.0,0.0,0.25628507,0.0,0.0,0.0,0.0,0.7800795,0.0,0.41262263,0.0,0.0,0.0,0.0,0.3097639,0.0,0.0,0.0,0.8603602,0.45996287,1.0,0.46934062,0.0,0.03479392,0.0,0.7967168,0.0
0.0,0.0,0.0,0.0,0.0,0.0,0.225849,0.26119807,0.91017145,0.0,0.97114986,0.0,0.0,0.0,0.0,0.0,0.1909664,0.03198706,0.693852,0.0,0.0,0.0,0.0,0.0,0.0,0.0,0.0,0.0,0.0,0.0,0.0,0.0,0.0,0.0,0.81246084,0.0,0.87285525,0.0,0.0,0.0,0.0,0.0,0.0,0.0,0.0,0.0,0.0,0.0,0.6658393,0.0,0.0,0.0,0.0,0.0,0.0,0.80764514,0.0,0.0,0.5351717,0.0,0.0,0.0,0.2461002,0.0,0.0,0.0,0.9607082,0.0,0.0,0.0,0.0,0.26800007,0.36962202,0.0,0.0,0.0,0.2529101,0.9372774,0.0,0.0,0.7383461,0.0,0.0,0.2750145,0.0,0.0,0.0,0.25460193,0.0,0.0,0.0,0.0,0.10053206,0.0,0.2984765,0.0,0.0,0.0,0.0,0.0
0.0,0.0,0.0,0.0,0.0,0.0,0.0,0.0,0.0,0.0,0.0,0.0,0.0,0.0,0.0,1.0,0.0,0.8966914,0.0,0.88765615,0.0,0.0,0.0,0.0,0.0,0.0,0.0,0.0,0.0,0.0,0.0,0.0,0.0,0.0,0.0,0.0,0.0,0.0,0.0,0.0,0.0,0.0,0.0,0.5357695,0.0,0.0,0.0,0.0,0.7605067,0.88296515,0.0,0.0,0.8524343,0.0,0.0,0.19262382,0.0,0.0,0.0,0.0,0.0,0.0,0.8908125,0.86404455,0.0,0.0,0.0,0.0,0.0,0.0,0.0,0.97226816,0.95774525,0.0,0.0,0.0,0.449387,0.1710762,0.0,0.0,0.9272894,0.0,0.0,0.2176478,0.0,0.5966224,0.0,0.2770395,0.0,0.5588597,0.0,0.0,0.0,0.0,0.0,0.0,0.0,0.33791503,0.0,0.0
0.0,0.0,0.0,0.0,0.0,0.0,0.18465242,0.8603572,0.033263374,0.0,0.950322,0.0,0.0,0.0,0.0,0.0,0.8787187,0.0,0.9480758,0.0,0.0,0.0,0.0,0.0,0.0,0.0,0.0,0.0,0.80388916,0.0,0.0,1.0,0.0,0.0,0.0,0.0,0.0,0.0,0.0,0.0,0.0,0.0,0.0,0.0,0.0,1.0,0.0,0.0,0.5051405,0.0,0.0,0.044251267,0.0,0.0,0.64748496,0.5150101,0.7898682,0.0,0.0,0.0,0.0,0.0,0.0,0.0,0.0,0.0,0.0,0.0,0.0,0.0,0.0,0.0,0.0,0.0,0.0,0.0,0.0,0.4249885,0.0,0.0,0.52982736,0.0,0.48237187,0.1674269,0.0,0.0,0.0,0.6699757,0.0,0.0,0.0,0.81095856,0.0,0.0,0.0,0.0,0.0,0.0,0.0,0.0
0.0,0.0,0.0,0.0,0.0,0.0,0.87308925,0.8301459,0.8408128,0.0,0.0,0.0,0.0,0.0,1.0,0.0,0.0,0.0,0.46516436,0.0,0.0,0.0,0.0,0.0,0.7241807,0.5215891,0.0,0.0,0.0,0.5125832,0.0,0.0,0.0,0.0,0.76543754,0.0,0.0,0.0,0.41402748,0.0,0.0,0.0,0.0,0.32412148,0.0,0.0,0.0,0.0,0.0,0.0,1.0,0.0,0.0,0.0,0.0,0.35626012,0.0,0.0,0.0,0.0,0.0,0.0,0.0,0.0,0.0,0.0,0.0,0.0,0.0,0.0,0.0,0.0,0.0,0.0,0.0,0.0,0.25887102,0.0,0.0,0.0,0.0,0.0,0.9845769,0.0,0.0,0.0,0.0,0.0,0.0,0.07979285,0.0,0.0,0.8639295,0.0,0.61337805,0.0,0.0,0.9107001,0.0,0.0
0.0,0.0,0.0,0.0,0.0,0.0,0.0,0.0,0.0,0.0,0.0,0.0,0.0,0.0,0.0,0.0,0.4192702,0.8013483,0.30701274,0.014795786,0.0,0.0,0.0,0.0,0.0,0.0,0.0,0.0,0.0,0.0,0.0,0.0,0.0,0.0,0.0,0.0,0.0,0.0,0.0,0.23348838,0.0,0.0,0.0,0.71655834,0.0,0.0,0.0,0.0,0.25724918,0.0,0.0,0.0,0.0,0.0,0.7135947,0.4889967,0.0,0.0,0.8156064,0.0,0.0,0.0,0.9869019,0.0,0.0,0.0,0.0,0.0,0.0,0.0,0.0,0.0,0.40317047,0.0,0.0,0.0,1.0,0.4018893,0.0,0.0,0.8937557,0.0,0.0,0.91419214,0.0,0.0,0.0,0.8685234,0.0,0.0,0.0,0.0,0.0,0.0,0.61861086,0.0,0.0,0.0,0.0,0.0
0.0,0.0,0.0,0.0,0.0,0.0,0.3526401,0.0,0.35060552,0.0,0.0,0.0,0.0,0.0,0.0,0.0,0.0,0.046806015,0.0,0.5436262,0.0,0.0,0.0,0.0,0.95222694,0.77510643,0.0,0.0,0.0,0.0,0.0,0.0,0.0,0.0,0.0,0.0,0.0,0.0,0.0,0.0,0.0,0.0,0.0,0.67581666,0.0,0.0,0.0,0.0,0.0,0.42845657,0.67754966,0.0,0.14027572,0.0,0.0,0.42698613,0.0,0.0,0.21643047,0.0,0.0,0.0,0.0,0.7665433,0.0,0.0,0.0,0.0,0.0,0.0,0.0,0.56088054,0.0,1.0,0.0,0.0,0.8779247,0.0,0.0,0.0,0.0,0.0,0.55675393,0.0,0.0,0.822678,0.0,0.0,0.0,0.88113296,0.0,0.0,0.0,0.0,0.96276426,0.67543125,0.0,0.9381788,0.0,0.0
0.0,0.0,0.0,0.0,0.0,0.0,0.0,0.0,0.0,0.0,0.0,0.0,0.0,0.0,0.12589204,0.9224084,0.0,1.0,0.0,0.9566355,0.0,0.0,0.0,0.0,0.0,0.0,1.0,0.0,0.0,0.0,0.0,0.0,0.0,0.0,0.0,0.0,0.0,0.0,0.0,0.0,0.0,0.0,0.0,0.6266236,0.0,0.0,0.0,0.0,0.62144345,0.7546334,0.0,0.0,0.9331803,0.0,0.0,0.19241665,0.0,0.0,0.0,0.0,0.0,0.0,0.8043762,0.9612491,0.0,0.0,0.0,0.0,0.0,0.0,0.0,0.88166475,0.9317931,0.0,0.0,0.0,0.41383478,0.11569943,0.0,0.0,0.9784033,0.0,0.0,0.31689963,0.0,0.7336076,0.0,0.34703964,0.0,0.55188954,0.0,0.0,0.0,0.0,0.0,0.0,0.0,0.36334842,0.0,0.0
0.0,0.0,0.0,0.0,0.0,0.0,0.2373222,0.32665855,0.95760125,0.0,0.94500375,0.0,0.0,0.0,0.0,0.0,0.13400312,0.017961675,0.8164627,0.0,0.0,0.0,0.0,0.0,0.0,0.0,0.0,0.0,0.0,0.0,0.0,0.0,0.0,0.0,0.78751045,0.0,0.8771747,0.0,0.0,0.0,0.0,0.0,0.0,0.0,0.0,0.0,0.0,0.0,0.73375857,0.0,0.0,0.0,0.0,0.0,0.0,0.8368724,0.0,0.0,0.5131635,0.0,0.0,0.0,0.22819714,0.0,0.0,0.0,0.96021473,0.0,0.0,0.0,0.0,0.25380063,0.31926614,0.0,0.0,0.0,0.14630236,1.0,0.0,0.0,0.5597582,0.0,0.0,0.27791008,0.0,0.0,0.0,0.16521554,0.0,0.0,0.0,0.0,0.11313524,0.0,0.23701635,0.0,0.0,0.0,0.0,0.0
0.0,0.0,0.0,0.0,0.0,0.0,0.0,0.0,0.78825873,0.0,0.0,0.0,0.0,0.0,0.0,0.45048228,0.0,0.22740728,0.093064606,0.0,0.0,0.0,0.0,0.0,0.0,0.7732533,0.0,0.0,0.0,0.0,0.0,0.0,0.0,0.0,0.0,0.71487474,0.0,0.0,0.0,0.44546422,0.0,0.0,0.0,0.520249,0.0,0.0,0.0,0.0,0.7485195,0.06728019,0.0,0.0,0.02948779,0.0,0.0,0.67343795,0.40473875,0.0,0.72232395,0.0,0.0,0.0,1.0,0.0,0.0,0.0,0.0,0.0,0.0,0.0,0.0,1.0,0.6117517,0.0,0.0,0.0,0.7709607,0.0679353,0.0,0.0,0.30215132,0.0,0.0,0.5837529,0.0,0.24314992,0.0,0.6846343,0.0,0.0,0.0,0.0,0.0,0.0,0.0,0.0,0.0,0.0,0.0,0.0
0.0,0.0,0.0,0.0,0.0,0.0,0.08408834,0.89481795,0.7871453,0.0,0.0,0.0,0.6054058,0.0,0.0,0.0,0.16417144,0.0,0.0,0.0,0.39867857,0.0,0.0,0.0,0.0,0.0,0.0,0.0,0.8397407,0.0,0.88061345,0.0,0.0,0.0,0.0,0.7177792,0.0,0.0,0.0,0.43744946,0.0,0.8018569,0.0,0.0,0.0,0.30809873,0.0,0.0,0.019807376,0.0,0.0,0.5834303,0.0,0.0,0.582788,0.40782747,0.0,0.0,0.0,0.0,0.0,0.0,0.32307696,0.0,0.9260446,0.24302234,0.3221717,0.0,0.0,0.0,0.0,0.0,0.63483393,0.0,0.0,0.476379,0.0,0.0,0.0,0.0,0.09203336,0.0,0.4231808,0.0,0.0,0.0,0.0,0.18938875,0.0,0.0,0.0,0.5655441,0.019474028,0.49181837,0.3051665,0.0,0.5720096,0.0,0.6315101,0.0
0.0,0.0,0.0,0.9229419,0.9009071,0.0,0.0,0.018024374,0.0,0.0,0.5763785,0.0,0.0,0.0,0.0,0.0,0.73449916,0.0,0.0,0.0,0.8619488,0.0,0.0,0.8894892,0.0,0.0,0.0,0.0,0.0,0.0,0.0,0.0,0.0,0.0,0.0,0.07317259,0.0,0.24077164,0.0,0.55392635,0.0,0.76440233,0.0,0.0,0.0,0.0,0.0,0.0,0.0,0.0,0.0,0.48885494,0.0,0.0,0.11407882,0.18823865,0.6605871,0.0,0.0,0.0,0.0,0.0,0.0,0.0,0.0,0.04291398,0.0,0.0,0.0,0.0,0.75499797,0.0,0.0,0.0,0.0,0.31778654,0.0,0.0,0.0,0.0,0.63156563,0.0,0.1784832,0.0,0.0,0.0,0.0,0.30099937,0.0,0.0,0.0,0.72426665,0.0,0.9349846,0.59220576,0.0,0.0,0.0,0.80129945,0.0
0.0,0.0,0.0,0.0,0.0,0.0,0.0,0.7622453,0.0,0.0,0.8487561,0.0,0.0,0.0,0.0,0.0,0.96345,0.0,0.98082507,0.0,0.0,0.0,0.0,0.0,0.0,0.0,0.0,0.0,0.6749586,0.0,0.0,0.98059803,0.0,0.0,0.0,0.0,0.0,0.0,0.0,0.0,0.0,0.0,0.0,0.0,0.0,0.96770096,0.0,0.0,0.46070218,0.0,0.0,0.0,0.0,0.0,0.74558955,0.45698237,0.7457015,0.0,0.0,0.0,0.0,0.0,0.0,0.0,0.0,0.0,0.0,0.0,0.0,0.0,0.0,0.0,0.0,0.0,0.0,0.0,0.0,0.26543713,0.0,0.0,0.41171917,0.0,0.494086,0.31217548,0.0,0.0,0.0,0.78964424,0.0,0.0,0.0,0.9231974,0.0,0.0,0.0,0.0,0.0,0.0,0.0,0.0
0.0,0.0,0.0,0.0,0.0,0.0,0.613133,0.022000073,0.74867433,0.0,0.0,0.0,0.0,0.0,0.0,0.0,0.0,0.08916726,0.638694,0.0,0.0,0.0,0.0,0.0,0.18968564,0.92073274,0.0,0.0,0.0,0.0,0.0,0.0,0.0,0.0,0.0,0.9409198,0.0,0.0,0.0,0.66328984,0.0,0.0,0.0,0.5737708,0.0,0.0,0.0,0.0,1.0,0.0,0.0,0.0,0.50342715,0.0,0.0,0.83801156,0.018552663,0.0,0.60423416,0.0,0.0,0.0,0.5944506,0.0,0.0,0.0,0.0,0.0,0.0,0.0,0.0,0.79701674,0.0,0.0,0.0,0.0,0.6980711,0.007228778,0.0,0.0,0.0,0.0,0.034706432,0.12900962,0.0,0.0,0.0,0.36999676,0.0,0.0,0.0,0.0,0.0,0.0,0.04711894,0.0,0.07604501,0.0,0.0,0.0
0.0,0.0,0.0,0.0,0.0,0.0,0.0,0.0,0.0,0.0,0.0,0.0,0.0,0.0,0.0,0.0,0.65390426,0.6769762,0.2982382,0.0,0.0,0.0,0.0,0.0,0.0,0.0,0.0,0.0,0.0,0.0,0.0,0.0,0.0,0.0,0.0,0.0,0.0,0.0,0.0,0.3241734,0.0,0.0,0.0,0.8097436,0.0,0.0,0.0,0.0,0.13267043,0.0,0.0,0.0,0.0,0.0,0.90267605,0.47191072,0.0,0.0,0.9636537,0.0,0.0,0.0,0.58700967,0.0,0.0,0.0,0.0,0.0,0.0,0.0,0.0,0.0,0.12565365,0.0,0.0,0.0,0.77947056,0.21603236,0.0,0.0,0.3352909,0.0,0.0,0.88043636,0.0,0.0,0.0,0.9939024,0.0,0.0,0.0,0.0,0.0,0.0,0.75853413,0.0,0.0,0.0,0.0,0.0
0.0,0.0,0.0,0.0,0.0,0.0,0.38547742,0.0,0.48212373,0.0,0.0,0.0,0.0,0.0,0.0,0.0,0.0,0.046742097,0.0,0.49125034,0.0,0.0,0.0,0.0,0.96974283,0.77272767,0.0,0.0,0.0,0.0,0.0,0.0,0.0,0.0,0.0,0.0,0.0,0.0,0.0,0.0,0.0,0.0,0.0,0.73395145,0.0,0.0,0.0,0.0,0.0,0.5237712,0.5688611,0.0,0.119639985,0.0,0.0,0.3854581,0.0,0.0,0.24356988,0.0,0.0,0.0,0.0,0.6881948,0.0,0.0,0.0,0.0,0.0,0.0,0.0,0.6195788,0.0,0.0,0.0,0.0,0.9028997,0.0,0.0,0.0,0.0,0.0,0.5060078,0.0,0.0,0.782608,0.0,0.0,0.0,0.9879232,0.0,0.0,0.0,0.0,0.8880239,0.6857499,0.0,0.92667514,0.0,0.0
0.0,0.0,0.0,0.0,0.0,0.0,0.13072225,0.17147078,0.9962073,0.0,0.999658,0.0,0.0,0.0,0.0,0.0,0.16409574,0.01778471,0.71180636,0.0,0.0,0.0,0.0,0.0,0.0,0.0,0.0,0.0,0.0,0.0,0.0,0.0,0.0,0.0,0.8412226,0.0,0.86411846,0.0,0.0,0.0,0.0,0.0,0.0,0.0,0.0,0.0,0.0,0.0,0.664893,0.0,0.0,0.0,0.0,0.0,0.0,0.76005304,0.0,0.0,0.4794567,0.0,0.0,0.0,0.17920218,0.0,0.0,0.0,0.9405669,0.0,0.0,0.0,0.0,0.14555928,0.42147565,0.0,0.0,0.0,0.33789656,0.92725646,0.0,0.0,0.6799463,0.0,0.0,0.34519124,0.0,0.0,0.0,0.32902414,0.0,0.0,0.0,0.0,0.0,0.0,0.28892544,0.0,0.0,0.0,0.0,0.0
0.0,0.0,0.0,0.0,0.0,0.0,0.48350996,0.719739,0.6282811,0.0,0.0,0.121138416,0.0,0.0,0.0,0.0,0.48294285,0.0,0.6252839,0.0,0.0,0.0,0.0,0.0,0.0,0.0,0.0,0.0,0.065737955,0.0,0.0,0.0,0.0,0.0,0.0,0.77647865,0.50030154,0.0,0.0,1.0,0.0,0.0,0.0,0.0,0.0,0.0,0.0,0.0,0.38086843,0.0,0.0,0.0,0.0,0.0,0.0,0.5680573,0.09269839,0.7923496,0.2032272,0.0,0.0,0.0,0.37744233,0.0,0.0,0.0,0.0,0.0,0.0,0.0,0.0,0.0,0.0,0.0,0.0,0.75716317,0.0,0.45007828,0.0,1.0,0.0,0.6652897,0.0,0.0,0.0,0.0,0.0,0.26187775,0.7250494,0.0,0.0,0.0,0.0,0.0,0.47064963,0.0,0.82458156,0.0,0.0,0.0
0.0,0.0,0.0,0.0,0.0,0.0,0.0,0.0,0.0,0.0,0.0,0.6306739,0.0,0.0,0.0,0.0,0.8665356,0.0,0.0,0.0,0.0,0.0,0.0,0.92675924,0.0,0.0,0.0,0.0,0.86565006,0.0,0.0,0.0,0.0,0.0,0.0,0.056814637,0.0,0.0,0.0,0.5816163,0.0,0.0,0.0,0.0,0.0,0.0,0.0,0.0,0.38729146,0.0,0.0,0.0,0.0,0.0,0.6993971,0.6154776,0.5421811,0.0,0.5356619,0.0,0.0,0.0,0.0,0.0,0.0,0.0,0.0,0.0,0.9878677,0.0,0.0,0.0,0.44610634,0.0,0.96904874,0.87627536,0.0,0.0,0.0,0.0,0.0,0.0,0.0,0.0,0.0,0.0,0.0,0.5503131,0.0,0.0,0.0,0.0,0.0,0.0,0.6122959,0.0,0.0,0.0,0.8985494,0.0
0.0,0.0,0.0,0.0,0.0,0.0,0.38119203,0.0,0.879201,0.0,0.0,0.0,0.0,0.0,0.0,0.01767808,0.0,0.12576059,0.33671576,0.0,0.0,0.0,0.0,0.0,0.0,0.8940681,0.0,0.0,0.0,0.0,0.0,0.0,0.0,0.0,0.0,0.9451624,0.0,0.0,0.0,0.71344703,0.0,0.0,0.0,0.5387929,0.0,0.0,0.0,0.0,0.80193657,0.0,0.0,0.0,0.22144063,0.0,0.0,0.7231528,0.40722206,0.0,0.693241,0.0,0.0,0.0,0.6573832,0.0,0.0,0.0,0.0,0.0,0.0,0.0,0.0,0.9025794,0.22889183,0.0,0.0,0.0,0.75030684,0.024763325,0.0,0.0,0.0,0.0,0.0,0.33525947,0.0,0.0,0.0,0.62533957,0.0,0.0,0.0,0.0,0.0,0.0,0.0,0.0,0.074025795,0.0,0.0,0.0
0.0,0.0,0.0,0.0,0.0,0.0,0.0,0.0,0.0,0.0,0.0,0.0,0.0,0.0,0.0,0.0,0.7115772,0.6575458,0.29106906,0.0,0.0,0.0,0.0,0.0,0.0,0.0,0.0,0.0,0.0,0.0,0.0,0.0,0.0,0.0,0.0,0.0,0.0,0.0,0.0,0.45720425,0.0,0.0,0.0,0.80280596,0.0,0.0,0.0,0.0,0.25944358,0.0,0.0,0.0,0.0,0.0,0.87604463,0.49174088,0.0,0.0,0.9551899,0.0,0.0,0.0,0.6273978,0.0,0.0,0.0,0.0,0.0,0.0,0.0,0.0,0.0,0.10818775,0.0,0.0,0.0,0.7015523,0.23250031,0.0,0.0,0.43916035,0.0,0.0,0.79832655,0.0,0.0,0.0,0.9774872,0.0,0.0,0.0,0.0,0.0,0.0,0.79103863,0.0,0.0,0.0,0.0,0.0
0.0,0.0,0.0,0.0,0.0,0.0,0.0,0.0,0.0,0.0,0.0,0.49801955,0.0,0.0,0.0,0.0,0.8535991,0.0,0.0,0.0,0.0,0.0,0.0,0.883251,0.0,0.0,0.0,0.0,0.88765013,0.0,0.0,0.0,0.0,0.0,0.0,0.05422279,0.0,0.0,0.0,0.61557287,0.0,0.0,0.0,0.0,0.0,0.0,0.0,0.0,0.3929006,0.0,0.0,0.0,0.0,0.0,0.762635,0.63803685,0.4542661,0.0,0.58427244,0.0,0.0,0.0,0.0,0.0,0.0,0.0,0.0,0.0,0.95130336,0.0,0.0,0.0,0.4153149,0.0,0.9215903,0.8860829,0.0,0.0,0.0,0.0,0.0,0.0,0.0,0.0,0.0,0.0,0.0,0.54794216,0.0,0.0,0.0,0.0,0.0,0.0,0.6655426,0.0,0.0,0.0,0.78978133,0.0
0.0,0.0,0.0,0.0,0.0,0.0,0.14399163,0.8337179,0.0,0.0,0.9411222,0.0,0.0,0.0,0.0,0.0,0.8812262,0.0,0.98632926,0.0,0.0,0.0,0.0,0.0,0.0,0.0,0.0,0.0,0.7216231,0.0,0.0,0.96320933,0.0,0.0,0.0,0.0,0.0,0.0,0.0,0.0,0.0,0.0,0.0,0.0,0.0,0.9365107,0.0,0.0,0.5285999,0.0,0.0,0.0,0.0,0.0,0.7008016,0.51097816,0.7648503,0.0,0.0,0.0,0.0,0.0,0.0,0.0,0.0,0.0,0.0,0.0,0.0,0.0,0.0,0.0,0.0,0.0,0.0,0.0,0.0,0.44461632,0.0,0.0,0.5112797,0.0,0.4905687,0.22005399,0.0,0.0,0.0,0.6976517,0.0,0.0,0.0,0.8231024,0.0,0.0,0.0,0.0,0.0,0.0,0.0,0.0
0.0,0.0,0.0,0.0,0.0,0.0,0.37179965,1.0,0.95654225,0.0,0.0,0.0,0.0,0.0,0.0,0.0,0.26542544,0.0,0.24928743,0.0,0.0,0.0,0.0,0.0,0.0,0.0,0.0,0.0,0.60552603,0.0,0.12095198,0.0,0.0,0.0,0.0,0.89099926,0.43397298,0.0,0.0,0.7348102,0.0,0.061892956,0.0,0.0,0.0,0.0,0.0,0.0,0.23751105,0.0,0.0,0.14885485,0.0,0.0,0.03544086,0.46226448,0.0,0.70702237,0.0,0.0,0.0,0.0,0.52678674,0.0,0.15286149,0.0,0.3239993,0.0,0.0,0.0,0.0,0.0,0.37653682,0.0,0.0,0.54735357,0.0,0.54612345,0.0,0.67072475,0.020725349,0.43576166,0.0,0.0,0.0,0.0,0.0,0.25559562,0.5792368,0.0,0.0,0.0,0.0,0.0,0.57263535,0.0,1.0,0.0,0.0,0.0
0.0,0.0,0.0,0.9245572,0.9131085,0.0,0.0,0.0,0.0,0.0,0.71412987,0.0,0.0,0.0,0.3987989,0.0,0.87731636,0.0,0.0,0.0,0.7865796,0.0,0.0,0.83253616,0.0,0.0,0.0,0.0,0.0,0.0,0.0,0.0,0.0,0.0,0.0,0.0,0.0,0.3281604,0.0,0.35328484,0.0,0.47647378,0.0,0.0,0.0,0.0,0.0,0.0,0.0,0.0,0.0,0.39872095,0.0,0.0,0.070312545,0.18039396,1.0,0.0,0.0,0.0,0.0,0.0,0.0,0.0,0.0,0.0,0.0,0.0,0.0,0.0,0.96963906,0.0,0.0,0.0,0.0,0.0,0.0,0.0,0.0,0.0,0.8176098,0.0,0.24740638,0.0,0.0,0.0,0.0,0.43425524,0.0,0.0,0.0,0.7649391,0.0,0.87644285,0.48797297,0.0,0.0,0.0,0.5001322,0.0
0.0,0.0,0.0,0.0,0.0,0.0,0.084629044,0.0,0.25929707,0.0,0.0,0.0,0.0,0.0,0.0,0.0,0.0,0.30421808,0.0,0.7216293,0.0,0.0,0.0,0.0,0.8026021,0.62645406,0.0,0.0,0.0,0.0,0.0,0.0,0.0,0.0,0.0,0.0,0.0,0.0,0.0,0.0,0.0,0.0,0.0,0.74943745,0.0,0.0,0.0,0.0,0.06833408,0.68966174,0.53950167,0.0,0.47295493,0.0,0.0,0.392941,0.0,0.0,0.18799195,0.0,0.0,0.0,0.0,1.0,0.0,0.0,0.0,0.0,0.0,0.0,0.0,0.72573406,0.0,0.0,0.0,0.0,0.9104778,0.0,0.0,0.0,0.0,0.0,0.20111042,0.0,0.0,0.9977804,0.0,0.0490213,0.0,0.98867816,0.0,0.0,0.0,0.0,0.7688437,0.87166274,0.0,0.9315186,0.0,0.0
0.0,0.0,0.0,0.0,0.0,0.0,0.010329119,0.7657106,0.9550646,0.0,0.0,0.0,1.0,0.0,0.0,0.0,0.06031697,0.0,0.0,0.0,0.33525434,0.0,0.0,0.0,0.0,0.0,0.0,0.0,0.7004997,0.0,0.8824681,0.0,0.0,0.0,0.0,0.81830037,0.0,0.0,0.0,0.460934,0.0,0.80400723,0.0,0.0,0.0,0.0,0.0,0.0,0.0,0.0,0.0,0.6693203,0.0,0.0,0.4388517,0.38096863,0.0,0.0,0.0,0.0,0.0,0.0,0.384284,0.0,0.8886393,0.24294268,0.5068532,0.0,0.0,0.0,0.0,0.0,0.5440769,0.0,0.0,0.5464899,0.0,0.0,0.0,0.0,0.0469798,0.0,0.35736668,0.0,0.0,0.0,0.0,0.048762448,0.0,0.0,0.0,0.45956492,0.0,0.4974169,0.4275816,0.0,0.743879,0.0,0.5389055,0.0
0.0,0.0,0.0,0.9765402,0.90192646,0.0,0.0,0.0,0.0,0.0,0.57590735,0.0,0.0,0.0,0.0,0.0,0.7023669,0.0,0.0,0.0,0.861561,0.0,0.0,0.87749225,0.0,0.0,0.0,0.0,0.0,0.0,0.0,0.0,0.0,0.0,0.0,0.0,0.0,0.2768963,0.0,0.44754404,0.0,0.66877115,0.0,0.0,0.0,0.0,0.0,0.0,0.0,0.0,0.0,0.47337362,0.0,0.0,0.07027798,0.12748201,0.7385091,0.0,0.0,0.0,0.0,0.0,0.0,0.0,0.0,0.0,0.0,0.0,0.0,0.0,0.9499346,0.0,0.0,0.0,0.0,0.16422388,0.0,0.0,0.0,0.0,0.679945,0.0,0.11916819,0.0,0.0,0.0,0.0,0.33794627,0.0,0.0,0.0,0.6982382,0.0,0.9310294,0.619435,0.0,0.0,0.0,0.6782873,0.0
0.0,0.0,0.0,0.0,0.0,0.0,0.0,0.0,0.0,0.0,0.0,0.0,0.0,0.0,0.026530856,0.9221942,0.0,0.9865124,0.0,0.90230966,0.0,0.0,0.0,0.0,0.0,0.0,0.0,0.0,0.0,0.0,0.0,0.0,0.0,0.0,0.0,0.0,0.0,0.0,0.0,0.0,0.0,0.0,0.0,0.606078,0.0,0.0,0.0,0.0,0.6500977,0.788318,0.0,0.0,0.8333065,0.0,0.0,0.20959783,0.0,0.0,0.0,0.0,0.0,0.0,0.8249106,0.95412344,0.0,0.0,0.0,0.0,0.0,0.0,0.0,0.9030787,0.92667586,0.0,0.0,0.0,0.43577033,0.094175756,0.0,0.0,0.97263384,0.0,0.0,0.35167995,0.0,0.79645,0.0,0.34102252,0.0,0.48725998,0.0,0.0,0.0,0.0,0.0,0.0,0.0,0.36424026,0.0,0.0
0.0,0.0,0.0,0.0,0.0,0.0,0.0,0.0,0.0,0.0,0.0,0.55094606,0.0,0.0,0.0,0.0,0.78525853,0.0,0.0,0.0,0.0,0.0,0.0,0.81514275,0.0,0.0,0.0,0.0,0.9233157,0.0,0.0,0.0,0.0,0.0,0.0,0.18145154,0.0,0.0,0.0,0.55830246,0.0,0.0,0.0,0.0,0.0,0.0,0.0,0.0,0.3856863,0.0,0.0,0.0,0.0,0.0,0.8362204,0.56427836,0.51689523,0.0,0.4687146,0.0,0.0,0.0,0.0,0.0,0.0,0.0,0.0,0.0,0.94297004,0.0,0.0,0.0,0.57734406,0.0,0.8940269,1.0,0.0,0.0,0.0,0.0,0.0,0.0,0.0,0.0,0.0,0.0,0.0,0.5091691,0.0,0.0,0.0,0.0,0.0,0.0,0.55764794,0.0,0.010901501,0.0,1.0,0.0
0.0,0.0,0.0,0.0,0.0,0.0,0.42624247,0.46174857,0.97381455,0.0,0.95519507,0.0,0.0,0.0,0.0,0.0,0.23000424,0.08531645,0.85858554,0.0,0.0,0.0,0.0,0.0,0.0,0.0,0.0,0.0,0.0,0.0,0.0,0.0,0.0,0.0,0.73048955,0.0,0.7501215,0.0,0.0,0.0,0.0,0.0,0.0,0.0,0.0,0.0,0.0,0.0,0.778773,0.0,0.0,0.0,0.0,0.04194231,0.0,1.0,0.0,0.0,0.41281733,0.0,0.0,0.0,0.093045525,0.0,0.0,0.0,0.69818246,0.0,0.0,0.0,0.0,0.32762495,0.39692017,0.0,0.0,0.0,0.26201022,0.899379,0.0,0.0,0.60598725,0.0,0.05436857,0.2342057,0.0,0.0,0.0,0.25775823,0.0,0.0,0.0,0.0,0.22274749,0.0,0.13449399,0.0,0.0,0.0,0.0,0.0
0.0,0.0,0.0,0.0,0.0,0.0,0.0,0.0,0.08403506,0.0,0.0,0.0,0.0,0.0,0.0,0.0,0.49993533,0.7705354,0.30550608,0.0,0.0,0.0,0.0,0.0,0.0,0.0,0.0,0.0,0.0,0.0,0.0,0.0,0.0,0.0,0.0,0.0,0.0,0.0,0.0,0.17114578,0.0,0.0,0.0,0.73904866,0.0,0.0,0.0,0.0,0.0839446,0.0,0.0,0.0,0.0,0.0,0.745281,0.48976958,0.0,0.0,0.97836024,0.0,0.0,0.0,0.7364073,0.0,0.0,0.0,0.0,0.0,0.0,0.0,0.0,0.0,0.089697056,0.0,0.0,0.0,0.7689446,0.43626273,0.0,0.0,0.35937744,0.0,0.07566047,1.0,0.0,0.0,0.0,1.0,0.0,0.0,0.0,0.0,0.0,0.0,0.8241451,0.0,0.0,0.0,0.0,0.0
0.0,0.0,0.0,0.0,0.0,0.0,0.36772186,0.0,0.6700228,0.0,0.0,0.0,0.0,0.0,0.0,0.0,0.0,0.10362908,0.37559545,0.0,0.0,0.0,0.0,0.0,0.051421862,1.0,0.0,0.0,0.0,0.0,0.0,0.0,0.0,0.0,0.0,1.0,0.0,0.0,0.0,0.6339036,0.0,0.0,0.0,0.5615002,0.0,0.0,0.0,0.0,0.8281952,0.0,0.0,0.0,0.45888606,0.0,0.0,0.6806901,0.32834154,0.0,0.69225264,0.0,0.0,0.0,0.7220436,0.0,0.0,0.0,0.0,0.0,0.0,0.0,0.0,0.8920274,0.2475704,0.0,0.0,0.0,0.6632615,0.0,0.0,0.0,0.0,0.0,0.0,0.32116657,0.0,0.0,0.0,0.54727703,0.0,0.0,0.0,0.0,0.0,0.0,0.054968536,0.0,0.0,0.0,0.0,0.0
0.0,0.0,0.0,0.0,0.0,0.0,0.36833328,0.9199079,0.27415952,0.0,0.9361912,0.0,0.0,0.0,0.0,0.0,0.8398666,0.0,0.9216931,0.0,0.0,0.0,0.0,0.0,0.0,0.0,0.0,0.0,0.8520047,0.0,0.0,0.9356798,0.0,0.0,0.0,0.0,0.0,0.0,0.0,0.0,0.0,0.0,0.0,0.0,0.0,0.91829807,0.0,0.0,0.511394,0.0,0.0,0.24880125,0.0,0.12235167,0.5752407,0.67868304,0.7182692,0.0,0.0,0.0,0.0,0.0,0.0,0.0,0.0,0.0,0.0,0.0,0.0,0.0,0.0,0.0,0.0,0.0,0.0,0.0052032955,0.0,0.5464287,0.0,0.0,0.54124844,0.0,0.47620696,0.15341064,0.0,0.0,0.0,0.5665281,0.0,0.0,0.0,0.6872143,0.11122615,0.0,0.0,0.0,0.0,0.0,0.0,0.0
0.0,0.0,0.0,0.0,0.0,0.0,0.09944243,0.0,0.3838117,0.0,0.0,0.0,0.0,0.0,0.0,0.0,0.0,0.28541607,0.0,0.7012183,0.0,0.0,0.0,0.0,0.8407749,0.62907004,0.0,0.0,0.0,0.0,0.0,0.0,0.0,0.0,0.0,0.0,0.0,0.0,0.0,0.0,0.0,0.0,0.0,0.76732916,0.0,0.0,0.0,0.0,0.010107599,0.69449866,0.64507604,0.0,0.42362478,0.0,0.0,0.41077602,0.0,0.0,0.12488116,0.0,0.0,0.0,0.0,0.89615226,0.0,0.0,0.0,0.0,0.0,0.0,0.0,0.61852926,0.0,0.0,0.0,0.0,0.8636393,0.0,0.0,0.0,0.0,0.0,0.34866792,0.0,0.0,0.84888107,0.0,0.031468507,0.0,0.9600845,0.0,0.0,0.0,0.0,0.895633,0.63070387,0.0,0.983791,0.0,0.0
0.0,0.0,0.0,0.54446596,0.4859096,0.0,0.0,0.3057976,0.044934165,0.0,0.3491453,0.0,0.0,0.0,0.0,0.0,0.7419319,0.0,0.0,0.0,0.8549582,0.0,0.0,0.5257025,0.0,0.0,0.0,0.0,0.20115004,0.0,0.25320408,0.0,0.0,0.0,0.0,0.26141828,0.0,0.0,0.0,0.61411715,0.0,0.8354616,0.0,0.0,0.0,0.0,0.0,0.0,0.0,0.0,0.0,0.5314997,0.0,0.0,0.55439633,0.35461107,0.37092486,0.0,0.0,0.0,0.0,0.0,0.20911191,0.0,0.2657893,0.0,0.0,0.0,0.0,0.0,0.66081256,0.0,0.3565468,0.0,0.0,0.39135405,0.0,0.0,0.0,0.0,0.503183,0.0,0.19288188,0.0,0.0,0.0,0.0,0.49572873,0.0,0.0,0.0,1.0,0.0,0.87955534,0.6419696,0.0,0.15238486,0.0,0.8972761,0.0
0.0,0.0,0.0,0.0,0.0,0.0,0.0,0.0,0.0,0.0,0.0,0.56793857,0.0,0.0,0.0,0.0,0.8477177,0.0,0.0,0.0,0.0,0.0,0.0,0.8329296,0.0,0.0,0.0,0.0,0.9863926,0.0,0.0,0.0,0.0,0.0,0.0,0.08949832,0.0,0.0,0.0,0.5554411,0.0,0.0,0.0,0.0,0.0,0.0,0.0,0.0,0.45596248,0.0,0.0,0.0,0.0,0.0,0.75699943,0.6454975,0.5085736,0.0,0.522121,0.0,0.0,0.0,0.0076601203,0.0,0.0,0.0,0.0,0.0,0.9829042,0.0,0.0,0.0,0.41538152,0.0,0.91124374,0.8955966,0.0,0.0,0.0,0.0,0.0,0.0,0.0,0.0,0.0,0.0,0.0,0.6185625,0.0,0.0,0.0,0.0,0.0,0.0,0.61974615,0.0,0.0,0.0,0.77656066,0.0
0.0,0.0,0.0,0.0,0.0,0.0,0.74803936,0.70183927,0.82300776,0.0,0.0,0.0,0.0,0.0,0.96703094,0.0,0.0,0.0,0.35802972,0.1420773,0.0,0.0,0.0,0.0,0.85641044,0.55102295,0.0,0.0,0.0,0.3708175,0.0,0.0,0.0,0.0,0.63757944,0.0,0.0,0.0,0.09648703,0.0,0.0,0.0,0.0,0.45032284,0.0,0.0,0.0,0.0,0.0,0.0,0.9979529,0.0,0.0,0.0,0.0,0.3743089,0.0,0.0,0.0,0.0,0.0,0.0,0.0,0.10758705,0.0,0.0,0.0,0.0,0.0,0.0,0.0,0.0,0.0,0.0,0.0,0.0,0.43085808,0.0,0.0,0.0,0.0,0.0,1.0,0.0,0.0,0.0,0.0,0.0,0.0,0.31725678,0.0,0.0,0.62314856,0.0,0.8210605,0.048170794,0.0,1.0,0.0,0.0
0.0,0.0,0.0,0.0,0.0,0.0,0.21362206,0.19263716,0.8879101,0.0,0.9676416,0.0,0.0,0.0,0.0,0.0,0.11690905,0.17074555,0.65414274,0.0,0.0,0.0,0.0,0.0,0.0,0.0,0.0,0.0,0.0,0.0,0.0,0.0,0.0,0.0,0.82034004,0.0,0.8997997,0.0,0.0,0.0,0.0,0.0,0.0,0.0,0.0,0.0,0.0,0.0,0.6879881,0.0,0.0,0.0,0.0,0.0,0.0,0.78071207,0.0,0.0,0.5070685,0.0,0.0,0.0,0.2473105,0.0,0.0,0.0,0.96268266,0.0,0.0,0.0,0.0,0.3388101,0.44424778,0.0,0.0,0.0,0.31477168,0.9359624,0.0,0.0,0.668324,0.0,0.0,0.31154022,0.0,0.0,0.0,0.27616262,0.0,0.0,0.0,0.0,0.0,0.0,0.317568,0.0,0.0,0.0,0.0,0.0
0.0,0.0,0.0,0.0,0.0,0.0,0.3462828,0.0,0.41249585,0.0,0.0,0.0,0.0,0.0,0.0,0.0,0.0,0.062212523,0.0,0.65557784,0.0,0.0,0.0,0.0,1.0,0.71682155,0.0,0.0,0.0,0.0,0.0,0.0,0.0,0.0,0.0,0.0,0.0,0.0,0.0,0.0,0.0,0.0,0.0,0.7202064,0.0,0.0,0.0,0.0,0.0,0.535757,0.58782053,0.0,0.35669488,0.0,0.0,0.37116197,0.0,0.0,0.15226285,0.0,0.0,0.0,0.0,0.77036285,0.0,0.0,0.0,0.0,0.0,0.0,0.0,0.6249137,0.0,0.0,0.0,0.0,0.85090345,0.0,0.0,0.0,0.0,0.0,0.46097383,0.0,0.0,0.7947807,0.0,0.0,0.0,0.9635155,0.0,0.0,0.0,0.0,0.90420014,1.0,0.0,0.9149679,0.0,0.0
0.0,0.0,0.0,0.0,0.0,0.0,0.0,0.0,0.0,0.0,0.0,0.0,0.0,0.0,0.0,0.9223457,0.0,0.97246987,0.0,1.0,0.0,0.0,0.0,0.0,0.0,0.0,0.0,0.0,0.0,0.0,0.0,0.0,0.0,0.0,0.0,0.0,0.0,0.0,0.0,0.0,0.0,0.0,0.0,0.55890644,0.0,0.0,0.0,0.0,0.62326694,0.81460375,0.0,0.0,0.79398435,0.0,0.0,0.24994648,0.0,0.0,0.0,0.0,0.0,0.0,0.8573669,0.9205741,0.0,0.0,0.0,0.0,0.0,0.0,0.0,0.86165863,0.9501932,0.0,0.0,0.0,0.42700675,0.20323768,0.0,0.0,1.0,0.0,0.0,0.35480526,0.0,0.58185863,0.0,0.35989428,0.0,0.551908,0.0,0.0,0.0,0.0,0.0,0.0,0.0,0.41944015,0.0,0.0
0.0,0.0,0.0,0.0,0.0,0.0,0.25656486,0.0,0.73971885,0.0,0.0,0.0,0.0,0.0,0.0,0.14832768,0.0,0.20151833,0.30741134,0.0,0.0,0.0,0.0,0.0,0.20072536,0.9777008,0.0,0.0,0.0,0.0,0.0,0.0,0.0,0.0,0.0,0.8481628,0.0,0.0,0.0,0.494423,0.0,0.0,0.0,0.70167834,0.0,0.0,0.0,0.0,0.89751107,0.0,0.0,0.0,0.44239694,0.0,0.0,0.70969695,0.38622043,0.0,0.56229806,0.0,0.0,0.0,0.77587754,0.0,0.0,0.0,0.0,0.0,0.0,0.0,0.0,0.99862105,0.3464988,0.0,0.0,0.0,0.8848467,0.0,0.0,0.0,0.0,0.0,0.0,0.28255707,0.0,0.24160768,0.0,0.4688425,0.0,0.0,0.0,0.0,0.0,0.0,0.018605722,0.0,0.0,0.0,0.0,0.0
0.0,0.0,0.0,0.0,0.0,0.0,0.0,0.0,0.0,0.0,0.0,0.0,0.0,0.0,0.0,0.0,0.66253287,0.63952196,0.30878732,0.0,0.0,0.0,0.0,0.0,0.0,0.0,0.0,0.0,0.0,0.0,0.0,0.0,0.0,0.0,0.0,0.0,0.0,0.0,0.0,0.36912638,0.0,0.0,0.0,0.81002283,0.0,0.0,0.0,0.0,0.12529074,0.0,0.0,0.0,0.0,0.0,0.93179804,0.52615315,0.0,0.0,0.95908517,0.0,0.0,0.0,0.6079395,0.0,0.0,0.0,0.0,0.0,0.0,0.0,0.0,0.0,0.031349618,0.0,0.0,0.0,0.7174898,0.26554602,0.0,0.0,0.31356323,0.0,0.0,0.8755194,0.0,0.0,0.0,0.9523838,0.0,0.0,0.0,0.0,0.0,0.0,0.7514293,0.0,0.0,0.0,0.0,0.0
0.0,0.0,0.0,0.0,0.0,0.0,0.0,0.0,0.0,0.0,0.0,0.53547823,0.0,0.0,0.0,0.0,0.8534637,0.0,0.0,0.0,0.0,0.0,0.0,0.9099571,0.0,0.0,0.0,0.0,0.909212,0.0,0.0,0.0,0.0,0.0,0.0,0.0,0.0,0.0,0.0,0.5366997,0.0,0.0,0.0,0.0,0.0,0.0,0.0,0.0,0.4808564,0.0,0.0,0.0,0.0,0.0,0.77501196,0.5825004,0.53408337,0.0,0.6061312,0.0,0.0,0.0,0.0,0.0,0.0,0.0,0.0,0.0,0.9440464,0.0,0.0,0.0,0.42569897,0.0,0.9095104,0.8078672,0.0,0.0,0.0,0.0,0.0,0.0,0.0,0.0,0.0,0.0,0.0,0.68376523,0.0,0.0,0.0,0.0,0.0,0.0,0.63171893,0.0,0.0,0.0,0.77188283,0.0
0.0,0.0,0.0,0.0,0.0,0.0,0.22347239,0.0,0.88090646,0.0,0.0,0.0,0.0,0.0,0.0,0.012260901,0.0,0.19074361,0.5265827,0.0,0.0,0.0,0.0,0.0,0.2301447,0.96899647,0.0,0.0,0.0,0.0,0.0,0.0,0.0,0.0,0.0,0.81687725,0.0,0.0,0.0,0.52996033,0.0,0.0,0.0,0.7300847,0.0,0.0,0.0,0.0,0.91634285,0.15248294,0.0,0.0,0.7789567,0.0,0.0,0.74567664,0.0,0.0,0.4418675,0.0,0.0,0.0,0.8451125,0.0,0.0,0.0,0.0,0.0,0.0,0.0,0.0,0.8906722,0.40133205,0.0,0.0,0.0,0.8210644,0.029945001,0.0,0.0,0.0,0.0,0.0,0.29117382,0.0,0.072247274,0.0,0.48877272,0.0,0.0,0.0,0.0,0.0,0.0,0.13305241,0.0,0.0,0.0,0.0,0.0
0.0,0.0,0.0,0.0,0.0,0.0,0.0,0.0,0.0,0.0,0.0,0.0,0.0,0.0,0.0,0.9365088,0.0,0.9348579,0.0,0.9690122,0.0,0.0,0.0,0.0,0.0,0.0,0.0,0.0,0.0,0.0,0.0,0.0,0.0,0.0,0.0,0.0,0.0,0.0,0.0,0.0,0.0,0.0,0.0,0.53979033,0.0,0.0,0.0,0.0,0.65595573,0.8492889,0.0,0.0,0.9068143,0.0,0.0,0.15566148,0.0,0.0,0.0,0.0,0.0,0.0,0.77211714,0.974725,0.0,0.0,0.0,0.0,0.0,0.0,0.0,0.894221,0.99405247,0.0,0.0,0.0,0.35727856,0.1480876,0.0,0.0,0.9411031,0.0,0.0,0.28007343,0.0,0.75346565,0.0,0.3230721,0.0,0.56154084,0.0,0.0,0.0,0.0,0.0,0.0,0.0,0.4450777,0.0,0.0
0.0,0.0,0.0,0.0,0.0,0.0,0.08667589,0.9619203,0.9123378,0.0,0.0,0.0,0.5125128,0.0,0.0,0.0,0.037168026,0.0,0.0,0.0,0.23890863,0.0,0.0,0.0,0.0,0.0,0.0,0.0,0.8844919,0.0,0.89181864,0.0,0.0,0.0,0.0,0.7627238,0.0,0.0,0.0,0.42678824,0.0,0.6768895,0.0,0.0,0.0,0.31532302,0.0,0.0,0.0,0.0,0.0,0.67700744,0.0,0.0,0.50123125,0.4595057,0.0,0.0,0.0,0.0,0.0,0.0,0.3969899,0.0,0.8579608,0.18348013,0.5578421,0.0,0.0,0.0,0.0,0.0,0.68736404,0.0,0.0,0.45675242,0.0,0.016649468,0.0,0.0,0.021030076,0.0,0.4227441,0.0,0.0,0.0,0.0,0.07945306,0.0,0.0,0.0,0.3399817,0.0,0.3276624,0.35989276,0.0,0.6789502,0.0,0.42635587,0.0
0.0,0.0,0.0,0.0,0.0,0.0,0.27206627,0.09270221,0.90702236,0.0,0.8537493,0.0,0.0,0.0,0.0,0.041203856,0.014051587,0.16197434,0.64761704,0.0,0.0,0.0,0.0,0.0,0.0,0.0,0.0,0.0,0.0,0.0,0.0,0.0,0.0,0.0,0.73946327,0.0,1.0,0.0,0.0,0.0,0.0,0.0,0.0,0.0,0.0,0.0,0.0,0.0,0.70822275,0.0,0.0,0.0,0.0,0.0,0.0,0.85851556,0.0,0.0,0.58019584,0.0,0.0,0.0,0.39035147,0.0,0.0,0.0,0.9015878,0.0,0.0,0.0,0.0,0.3665625,0.5060154,0.0,0.0,0.0,0.31623504,0.91435075,0.0,0.0,0.56374735,0.0,0.0,0.32016274,0.0,0.0,0.0,0.2552456,0.0,0.0,0.0,0.0,0.0,0.0,0.38423154,0.0,0.0,0.0,0.0,0.0
0.0,0.0,0.0,0.0,0.0,0.0,0.22455674,0.8469383,0.05031386,0.0,0.9928505,0.0,0.0,0.0,0.0,0.0,0.86285967,0.0,0.9387618,0.0,0.0,0.0,0.0,0.0,0.0,0.0,0.0,0.0,0.7465266,0.0,0.0,0.99608105,0.0,0.0,0.0,0.0,0.0,0.0,0.0,0.0,0.0,0.0,0.0,0.0,0.0,0.97046196,0.0,0.0,0.5545058,0.0,0.0,0.03404045,0.0,0.0,0.6819292,0.49488646,0.76846206,0.0,0.0,0.0,0.0,0.0,0.0,0.0,0.0,0.0,0.0,0.0,0.0,0.0,0.0,0.0,0.0,0.0,0.0,0.0,0.0,0.46395993,0.0,0.0,0.5637432,0.0,0.40923673,0.1598868,0.0,0.0,0.0,0.6672747,0.0,0.0,0.0,0.78593683,0.0,0.0,0.0,0.0,0.0,0.0,0.0,0.0
0.0,0.0,0.0,0.68251765,0.8366623,0.0,0.0,0.093241036,0.0785056,0.0,0.3349199,0.0,0.0,0.0,0.0,0.0,0.7007901,0.0,0.0,0.0,1.0,0.0,0.0,0.60332656,0.0,0.0,0.0,0.0,0.0,0.0,0.0,0.0,0.0,0.0,0.0,0.31122473,0.0,0.014512452,0.0,0.59413576,0.0,0.76128995,0.0,0.0,0.0,0.0,0.0,0.0,0.0,0.0,0.0,0.53629756,0.0,0.0,0.31928837,0.20184246,0.41745615,0.0,0.0,0.0,0.0,0.0,0.13916796,0.0,0.05766246,0.14488648,0.0,0.0,0.0,0.0,0.7629878,0.0,0.086064935,0.0,0.0,0.3647764,0.0,0.0,0.0,0.0,0.6166099,0.0,0.29770067,0.0,0.0,0.0,0.0,0.3913967,0.0,0.0,0.0,0.84749717,0.0,0.93673205,0.73993707,0.0,0.19984026,0.0,0.8701616,0.0
0.0,0.0,0.0,0.0,0.0,0.0,0.0,0.0,0.0,0.0,0.0,0.0,0.0,0.0,0.0,0.0,0.73359877,0.6320251,0.4973473,0.0,0.0,0.0,0.0,0.0,0.0,0.0,0.0,0.0,0.0,0.0,0.0,0.0,0.0,0.0,0.0,0.0,0.0,0.0,0.0,0.32325792,0.0,0.0,0.0,0.75852334,0.0,0.0,0.0,0.0,0.2588707,0.0,0.0,0.0,0.0,0.0,1.0,0.49482438,0.0,0.0,0.8517647,0.0,0.0,0.0,0.3683314,0.0,0.0,0.0,0.0,0.0,0.0,0.0,0.0,0.0,0.0,0.0,0.0,0.0,0.70282656,0.21253358,0.0,0.0,0.20864625,0.0,0.11363339,0.9384894,0.0,0.0,0.0,0.889015,0.0,0.0,0.0,0.0,0.0,0.0,0.7878522,0.0,0.0,0.0,0.0,0.0
0.0,0.0,0.0,0.0,0.0,0.0,0.30068964,0.0,0.87724954,0.0,0.0,0.0,0.0,0.0,0.0,0.20953035,0.0,0.07648186,0.26572236,0.0,0.0,0.0,0.0,0.0,0.0,0.85232735,0.0,0.0,0.0,0.0,0.0,0.0,0.0,0.0,0.0,0.847597,0.0,0.0,0.0,0.6007433,0.0,0.0,0.0,0.571431,0.0,0.0,0.0,0.0,0.87571704,0.0,0.0,0.0,0.25152487,0.0,0.0,0.7234493,0.5685254,0.0,0.6979874,0.0,0.0,0.0,0.7771162,0.0,0.0,0.0,0.0,0.0,0.0,0.0,0.0,0.9330557,0.45053405,0.0,0.0,0.0,0.7720549,0.044296693,0.0,0.0,0.0,0.0,0.0,0.3585439,0.0,0.06390735,0.0,0.64000386,0.0,0.0,0.0,0.0,0.0,0.0,0.0,0.0,0.0,0.0,0.0,0.0
0.0,0.0,0.0,0.0,0.0,0.0,0.8997238,0.8313019,0.7945667,0.0,0.0,0.0,0.0,0.0,0.80722857,0.0,0.0,0.0,0.483527,0.0,0.0,0.0,0.0,0.0,0.7218198,0.45462158,0.0,0.0,0.0,0.64310396,0.0,0.0,0.0,0.0,0.795503,0.0,0.0,0.0,0.5694195,0.0,0.0,0.0,0.0,0.2708993,0.0,0.0,0.0,0.0,0.0,0.0,0.9614121,0.0,0.0,0.0,0.0,0.3830766,0.0,0.0,0.0,0.42047465,0.0,0.0,0.0,0.0,0.0,0.0,0.0,0.0,0.0,0.0,0.0,0.0,0.0,0.0,0.0,0.0,0.2716763,0.0,0.0,0.0,0.0,0.0,0.97172177,0.0,0.0,0.0,0.0,0.0,0.0,0.05449765,0.0,0.0,1.0,0.0,0.60212,0.0,0.0,0.887737,0.0,0.0
0.0,0.0,0.0,0.0,0.0,0.0,0.0,0.0,0.0,0.0,0.0,0.0,0.0,0.0,0.0,0.0,0.41080496,0.79333603,0.2500142,0.0,0.0,0.0,0.0,0.0,0.0,0.0,0.0,0.0,0.0,0.0,0.0,0.0,0.0,0.0,0.0,0.0,0.0,0.0,0.0,0.29293045,0.0,0.0,0.0,0.8226293,0.0,0.0,0.0,0.0,0.19825144,0.0,0.0,0.0,0.0,0.0,0.8131985,0.47307512,0.0,0.0,0.8819376,0.0,0.0,0.0,0.8184523,0.0,0.0,0.0,0.0,0.0,0.0,0.0,0.0,0.0,0.26212144,0.0,0.0,0.0,0.83820134,0.2977108,0.0,0.0,0.58241534,0.0,0.0,0.9243001,0.0,0.0,0.0,0.997467,0.0,0.0,0.0,0.0,0.0,0.0,0.75184464,0.0,0.0,0.0,0.0,0.0
0.0,0.0,0.0,0.0,0.0,0.0,0.35168457,0.0,0.46497402,0.0,0.0,0.0,0.0,0.0,0.09654409,0.0,0.0,0.08861492,0.0,0.58154464,0.0,0.0,0.0,0.0,0.9433028,0.686882,0.0,0.0,0.0,0.0,0.0,0.0,0.0,0.0,0.0,0.0,0.0,0.0,0.0,0.0,0.0,0.0,0.0,0.7252821,0.0,0.0,0.0,0.0,0.0,0.46304598,0.58003896,0.0,0.061947554,0.0,0.0,0.37878466,0.0,0.0,0.3170101,0.0,0.0,0.0,0.0,0.712979,0.0,0.0,0.0,0.0,0.0,0.0,0.0,0.57627267,0.0,0.0,0.0,0.0,0.8466657,0.0,0.0,0.0,0.0,0.0,0.5215865,0.0,0.0,0.6767642,0.0,0.0,0.0,1.0,0.0,0.0,0.0,0.0,1.0,0.7788058,0.0,0.9619223,0.0,0.0
0.0,0.0,0.0,0.0,0.0,0.0,0.0,0.0,0.0,0.0,0.0,0.48699987,0.0,0.0,0.0,0.0,0.84733874,0.0,0.0,0.0,0.0,0.0,0.0,0.88398093,0.0,0.0,0.0,0.0,0.99174124,0.0,0.0,0.0,0.0,0.0,0.0,0.008676362,0.0,0.0,0.0,0.53692365,0.0,0.0,0.0,0.0,0.0,0.0,0.0,0.0,0.4471758,0.0,0.0,0.0,0.0,0.0,0.78148985,0.5725462,0.5215975,0.0,0.51093864,0.0,0.0,0.0,0.0,0.0,0.0,0.0,0.0,0.0,0.93620896,0.0,0.0,0.0,0.48334843,0.0,0.9730584,0.87162197,0.0,0.0,0.0,0.0,0.0,0.0,0.0,0.0,0.0,0.0,0.0,0.62161565,0.0,0.0,0.0,0.0,0.0,0.0,0.6289242,0.0,0.0,0.0,0.7393488,0.0
0.0,0.0,0.0,0.0,0.0,0.0,0.0,0.0,0.0,0.0,0.0,0.0,0.0,0.0,0.0,0.95951784,0.0,0.91484094,0.0,0.930898,0.0,0.0,0.0,0.0,0.0,0.0,0.0,0.0,0.0,0.0,0.0,0.0,0.0,0.0,0.0,0.0,0.0,0.0,0.0,0.0,0.0,0.0,0.0,0.5257747,0.0,0.0,0.0,0.0,0.67305756,0.94284064,0.0,0.0,0.86596483,0.0,0.0,0.16913095,0.0,0.0,0.0,0.0,0.0,0.0,0.77011067,0.93129927,0.0,0.0,0.0,0.0,0.0,0.0,0.0,0.9167858,1.0,0.0,0.0,0.0,0.3809242,0.12850302,0.0,0.0,0.8944393,0.0,0.0,0.23477162,0.0,0.8081278,0.0,0.3003351,0.0,0.58216393,0.0,0.0,0.0,0.0,0.0,0.1670522,0.0,0.41022283,0.0,0.0
0.0,0.0,0.0,0.0,0.0,0.0,0.08180903,0.13524182,0.92688435,0.0,0.91642284,0.0,0.0,0.0,0.0,0.0,0.08188658,0.110744625,0.65370107,0.0,0.0,0.0,0.0,0.0,0.0,0.0,0.0,0.0,0.0,0.0,0.0,0.0,0.0,0.0,0.8370068,0.0,0.92282003,0.0,0.0,0.0,0.0,0.0,0.0,0.0,0.0,0.0,0.0,0.0,0.70490265,0.0,0.0,0.0,0.0,0.0,0.0,0.7305752,0.0,0.0,0.4411951,0.0,0.0,0.0,0.30123273,0.0,0.0,0.0,0.9607434,0.0,0.0,0.0,0.0,0.28897637,0.45240843,0.0,0.0,0.0,0.378044,0.90606886,0.0,0.0,0.79490036,0.0,0.0,0.36428794,0.0,0.0,0.0,0.25783592,0.0,0.0,0.0,0.0,0.0,0.0,0.30846792,0.0,0.0,0.0,0.0,0.0
0.0,0.0,0.0,0.0,0.0,0.0,0.049370464,0.9574853,0.79727364,0.0,0.0,0.0,0.5171648,0.0,0.0,0.0,0.14324439,0.0,0.0,0.0,0.33455768,0.0,0.0,0.0,0.0,0.0,0.0,0.0,0.8389502,0.0,0.90272295,0.0,0.0,0.0,0.0,0.7104236,0.0,0.0,0.0,0.3933172,0.0,0.73530245,0.0,0.0,0.0,0.52375084,0.0,0.0,0.031483777,0.0,0.0,0.60263145,0.0,0.0,0.6090364,0.46077335,0.0,0.0,0.0,0.0,0.0,0.0,0.32020554,0.0,0.88980544,0.33375135,0.35745186,0.0,0.0,0.0,0.0,0.0,0.6492255,0.0,0.0,0.47103092,0.0,0.0,0.0,0.0,0.073658936,0.0,0.47756806,0.0,0.0,0.0,0.0,0.13033468,0.0,0.0,0.0,0.5360333,0.0042188927,0.40968624,0.26735243,0.0,0.5660365,0.0,0.60088205,0.0
0.0,0.0,0.0,0.0,0.0,0.0,0.0,0.0,0.0,0.0,0.0,0.52488464,0.0,0.0,0.0,0.0,0.8744802,0.0,0.0,0.0,0.0,0.0,0.0,0.8968801,0.0,0.0,0.0,0.0,0.9173687,0.0,0.0,0.0,0.0,0.0,0.0,0.0,0.0,0.0,0.0,0.50677764,0.0,0.0,0.0,0.0,0.0,0.0,0.0,0.0,0.46038392,0.0,0.0,0.0,0.0,0.0,0.8201435,0.59149194,0.51749265,0.0,0.60831016,0.0,0.0,0.0,0.0,0.0,0.0,0.0,0.0,0.0,0.9290169,0.0,0.0,0.0,0.45256877,0.0,0.8896924,0.7905252,0.0,0.0,0.0,0.0,0.0,0.0,0.0,0.0,0.0,0.0,0.0,0.6878074,0.0,0.0,0.0,0.0,0.0,0.0,0.6349278,0.0,0.0,0.0,0.6738493,0.0
0.0,0.0,0.0,0.0,0.0,0.0,0.0,0.84674126,0.912205,0.0,0.0,0.0,0.55930555,0.0,0.0,0.0,0.0,0.0,0.0,0.0,0.2560485,0.0,0.0,0.0,0.0,0.0,0.0,0.0,0.7819097,0.0,0.9773573,0.0,0.0,0.0,0.0,0.7358155,0.0,0.0,0.0,0.4493004,0.0,0.75770485,0.0,0.0,0.0,0.0,0.0,0.0,0.0,0.0,0.0,0.6915139,0.0,0.0,0.48854494,0.41572303,0.0,0.0,0.0,0.0,0.0,0.0,0.42075586,0.0,0.9603187,0.20281924,0.5939522,0.0,0.0,0.0,0.0,0.0,0.67110056,0.0,0.0,0.42313182,0.0,0.0,0.0,0.0,0.0,0.0,0.35022298,0.0,0.0,0.0,0.0,0.029426215,0.0,0.0,0.0,0.34150326,0.0,0.362225,0.44509947,0.0,0.70077574,0.0,0.4551325,0.0
0.0,0.0,0.0,0.0,0.0,0.0,0.0,0.0,0.0,0.0,0.0,0.0,0.0,0.0,0.0,0.0,0.5403761,0.6943061,0.20182629,0.0,0.0,0.0,0.0,0.0,0.0,0.0,0.0,0.0,0.0,0.0,0.0,0.0,0.0,0.0,0.0,0.0,0.0,0.0,0.0,0.33580717,0.0,0.0,0.0,0.8781477,0.0,0.0,0.0,0.0,0.07501943,0.0,0.0,0.0,0.0,0.0,0.9612256,0.39656812,0.0,0.0,1.0,0.0,0.0,0.0,0.57986003,0.0,0.0,0.0,0.0,0.0,0.0,0.0,0.0,0.0,0.03941013,0.0,0.0,0.0,0.7798563,0.27316743,0.0,0.0,0.18527505,0.0,0.0,0.8661232,0.0,0.0,0.0,0.9593037,0.0,0.0,0.0,0.0,0.0,0.0,0.8055163,0.0,0.0,0.0,0.0,0.0
0.0,0.0,0.0,0.0,0.0,0.0,0.07110017,0.8062201,0.066751875,0.0,0.9324229,0.0,0.0,0.0,0.0,0.0,0.99130684,0.0,0.978311,0.0,0.0,0.0,0.0,0.0,0.0,0.0,0.0,0.0,0.8723797,0.0,0.0,0.8762813,0.0,0.0,0.0,0.0,0.0,0.0,0.0,0.039145514,0.0,0.0,0.0,0.0,0.0,0.4573395,0.0,0.0,0.5982284,0.0,0.0,0.0,0.0,0.0,0.67767256,0.56468916,0.6003412,0.0,0.0,0.0,0.0,0.0,0.0,0.0,0.0,0.0,0.0,0.0,0.0,0.0,0.0,0.0,0.0,0.0,0.0,0.0,0.0,0.461689,0.0,0.0,0.47115308,0.0,0.4416377,0.2862768,0.0,0.0,0.0,0.73976946,0.0,0.0,0.0,0.6567055,0.0,0.0,0.0,0.0,0.0,0.0,0.0,0.0
0.0,0.0,0.0,0.0,0.0,0.0,0.13605703,0.22760098,0.92634636,0.0,0.89850277,0.0,0.0,0.0,0.0,0.0,0.11749316,0.19798595,0.65857774,0.0,0.0,0.0,0.0,0.0,0.0,0.0,0.0,0.0,0.0,0.0,0.0,0.0,0.0,0.0,0.8841988,0.0,0.8448604,0.0,0.0,0.0,0.0,0.0,0.0,0.0,0.0,0.0,0.0,0.0,0.6653558,0.0,0.0,0.0,0.0,0.12309642,0.0,0.8419824,0.0,0.0,0.4986559,0.0,0.0,0.0,0.17930822,0.0,0.0,0.0,0.90508103,0.0,0.0,0.0,0.0,0.21407934,0.51198065,0.0,0.0,0.0,0.33728814,0.8826033,0.0,0.0,0.65678996,0.0,0.0,0.32066822,0.0,0.0,0.0,0.2921424,0.0,0.0,0.0,0.0,0.08509466,0.0,0.2257232,0.0,0.0,0.0,0.0,0.0
0.0,0.0,0.0,0.0,0.0,0.0,0.0,0.0,0.0,0.0,0.0,0.0,0.0,0.0,0.0,0.93989813,0.0,0.9512033,0.0,0.9121549,0.0,0.0,0.0,0.0,0.0,0.0,0.0,0.0,0.0,0.0,0.0,0.0,0.0,0.0,0.0,0.0,0.0,0.0,0.0,0.0,0.0,0.0,0.0,0.5432957,0.0,0.0,0.0,0.0,0.67587644,0.88556087,0.0,0.0,0.7969689,0.0,0.0,0.3100373,0.0,0.0,0.0,0.0,0.0,0.0,0.85495204,0.90178216,0.0,0.0,0.0,0.0,0.0,0.0,0.0,0.9121784,0.9580975,0.0,0.0,0.0,0.5054365,0.21628083,0.0,0.0,0.9947363,0.0,0.0,0.27489594,0.0,0.5783926,0.0,0.31862178,0.0,0.5147332,0.0,0.0,0.0,0.0,0.0,0.0,0.0,0.3698496,0.0,0.0
0.0,0.0,0.0,0.95607966,0.9194492,0.0,0.0,0.0,0.0,0.0,0.5672343,0.0,0.0,0.0,0.025848176,0.0,0.7730385,0.0,0.0,0.0,0.81276363,0.0,0.0,0.9022177,0.0,0.0,0.0,0.0,0.0,0.0,0.0,0.0,0.0,0.0,0.0,0.0,0.0,0.24899781,0.0,0.4322251,0.0,0.648773,0.0,0.0,0.0,0.0,0.0,0.0,0.0,0.0,0.0,0.46300456,0.0,0.0,0.15192448,0.21643277,0.7083896,0.0,0.0,0.0,0.0,0.0,0.0,0.0,0.0,0.0,0.0,0.0,0.0,0.0,0.9173778,0.0,0.0,0.0,0.0,0.10363603,0.0,0.0,0.0,0.0,0.67416644,0.0,0.117936656,0.0,0.0,0.0,0.0,0.44650102,0.0,0.0,0.0,0.7695562,0.0,0.87104017,0.64455724,0.0,0.0,0.0,0.6558912,0.0
0.0,0.0,0.0,0.0,0.0,0.0,0.3738668,0.0,0.46482486,0.0,0.0,0.0,0.0,0.0,0.0,0.0,0.0,0.07018268,0.0,0.49509242,0.0,0.0,0.0,0.0,0.9824171,0.85366374,0.0,0.0,0.0,0.0,0.0,0.0,0.0,0.0,0.0,0.0,0.0,0.0,0.0,0.0,0.0,0.0,0.0,0.7490815,0.0,0.0,0.0,0.0,0.036168702,0.5496584,0.5198445,0.0,0.29680339,0.0,0.0,0.43217486,0.0,0.0,0.34172145,0.0,0.0,0.0,0.0,0.74028426,0.0,0.0,0.0,0.0,0.0,0.0,0.0,0.6566876,0.0,0.0,0.0,0.0,0.9083073,0.0,0.0,0.0,0.0,0.0,0.40891662,0.0,0.0,0.85333866,0.0,0.022763355,0.0,0.91651934,0.0,0.0,0.0,0.0,0.8375754,0.8170116,0.0,0.82522994,0.0,0.0
0.0,0.0,0.0,0.0,0.0,0.0,0.0,0.78179234,0.90324885,0.0,0.0,0.0,0.7006484,0.0,0.0,0.0,0.0,0.0,0.0,0.0,0.31531283,0.0,0.0,0.0,0.0,0.0,0.0,0.0,0.70772755,0.0,0.9989589,0.0,0.0,0.0,0.0,0.77650344,0.0,0.0,0.0,0.46200153,0.0,0.81310624,0.0,0.0,0.0,0.0,0.0,0.0,0.0,0.0,0.0,0.7102868,0.0,0.0,0.5105838,0.37935168,0.0,0.0,0.0,0.0,0.0,0.0,0.4153148,0.0,0.9186639,0.18171073,0.56665313,0.0,0.0,0.0,0.0,0.0,0.6607914,0.0,0.0,0.35947084,0.0,0.0,0.0,0.0,0.0,0.0,0.2923328,0.0,0.0,0.0,0.0,0.017921483,0.0,0.0,0.0,0.30040488,0.0,0.35989118,0.44919053,0.0,0.7204405,0.0,0.48947865,0.0
0.0,0.0,0.0,0.0,0.0,0.0,0.3490184,0.0,0.468923,0.0,0.0,0.0,0.0,0.0,0.0,0.0,0.0,0.15876909,0.0,0.60222656,0.0,0.0,0.0,0.0,0.99020004,0.7448782,0.0,0.0,0.0,0.0,0.0,0.0,0.0,0.0,0.0,0.0,0.0,0.0,0.0,0.0,0.0,0.0,0.0,0.7635551,0.0,0.0,0.0,0.0,0.0,0.5590889,0.5232456,0.0,0.28755662,0.0,0.0,0.39974657,0.0,0.0,0.29167035,0.0,0.0,0.0,0.0,0.76116216,0.0,0.0,0.0,0.0,0.0,0.0,0.0,0.61233014,0.0,0.0,0.0,0.0,0.9035193,0.0,0.0,0.0,0.0,0.0,0.38735026,0.0,0.0,0.8369368,0.0,0.0,0.0,0.9564334,0.0,0.0,0.0,0.0,0.91392165,0.90129554,0.0,0.82024866,0.0,0.0
0.0,0.0,0.0,0.0,0.0,0.0,0.013084855,0.0,0.28246838,0.0,0.0,0.3475938,0.0,0.0,0.0,0.0,0.8793037,0.0,0.0,0.0,0.0,0.0,0.0,0.75798184,0.0,0.0,0.0,0.0,0.95251566,0.0,0.0,0.0,0.0,0.0,0.0,0.22012882,0.0018248893,0.0,0.0,0.563857,0.0,0.0,0.0,0.0,0.0,0.0,0.0,0.0,0.50502163,0.0,0.0,0.0,0.0,0.0,0.6996883,0.7315482,0.493442,0.0,0.4036748,0.0,0.0,0.0,0.11583547,0.0,0.0,0.0,0.0,0.0,0.9401814,0.0,0.0,0.0,0.3810807,0.0,0.9707561,0.98615146,0.0,0.0,0.0,0.0,0.0,0.0,0.0,0.0,0.0,0.0,0.0,0.59325445,0.0,0.0,0.0,0.0,0.0,0.0,0.59583,0.0,0.0,0.0,0.6416736,0.0
0.0,0.0,0.0,0.0,0.0,0.0,0.0,0.0,0.0,0.0,0.0,0.0,0.0,0.0,0.0,0.0,0.44717863,0.9032102,0.35293993,0.0,0.0,0.0,0.0,0.0,0.0,0.0,0.0,0.0,0.0,0.0,0.0,0.0,0.0,0.0,0.0,0.0,0.0,0.0,0.0,0.35824844,0.0,0.0,0.0,0.8612835,0.0,0.0,0.0,0.0,0.13793394,0.0,0.0,0.0,0.0,0.0,0.888515,0.371831,0.0,0.0,0.8687801,0.0,0.0,0.0,0.6247462,0.0,0.0,0.0,0.0,0.0,0.0,0.0,0.0,0.0,0.23214175,0.0,0.0,0.0,0.71475834,0.39688885,0.0,0.0,0.45028466,0.0,0.0,0.9776581,0.0,0.0,0.0,0.8294998,0.0,0.0,0.0,0.0,0.0,0.0,0.84330344,0.0,0.0,0.0,0.0,0.0
0.0,0.0,0.0,0.0,0.0,0.0,0.7800692,0.8043901,0.9627933,0.0,0.0,0.0,0.0,0.0,0.25203964,0.0,0.0,0.120765105,0.48030218,0.0,0.0,0.0,0.0,0.0,0.6411058,0.17647427,0.0,0.0,0.0,0.770954,0.0,0.0,0.0,0.0,1.0,0.0,0.0,0.0,0.48919997,0.0,0.0,0.0,0.0,0.25224963,0.0,0.0,0.0,0.0,0.07760378,0.0,0.86009973,0.0,0.0,0.0,0.0,0.48264074,0.0,0.0,0.0,0.46784598,0.0,0.0,0.0,0.0,0.0,0.0,0.0,0.0,0.0,0.0,0.0,0.0,0.0,0.0,0.0,0.0,0.2977142,0.0,0.0,0.0,0.0,0.0,0.7774722,0.0,0.0,0.0,0.0,0.0,0.0,0.021010062,0.0,0.0,0.831679,0.0,0.46910894,0.0,0.0,0.88196033,0.0,0.0
0.0,0.0,0.0,0.0,0.0,0.0,0.5506377,0.9250268,0.7913046,0.0,0.0,0.036054913,0.0,0.0,0.0,0.0,0.31325984,0.0,0.5786117,0.0,0.0,0.0,0.0,0.0,0.0,0.0,0.0,0.0,0.30844283,0.0,0.0,0.0,0.0,0.0,0.0,0.5415424,0.6612608,0.0077806967,0.0,0.66421825,0.0,0.0,0.0,0.0,0.0,0.0,0.0,0.0,0.5267158,0.0,0.0,0.0,0.0,0.0,0.0,0.5833717,0.0,0.8372707,0.037637375,0.0,0.0,0.0,0.38958278,0.0,0.0,0.0,0.1622418,0.0,0.0,0.0,0.0,0.0,0.17800343,0.0,0.0,0.47141376,0.0,0.8440284,0.0,0.8917451,0.16728057,0.7724161,0.0,0.0,0.0,0.0,0.0,0.32503968,0.9768786,0.0,0.0,0.0,0.0,0.0,0.391216,0.0,0.86514205,0.0,0.0,0.0
0.0,0.0,0.0,0.9627467,0.85999596,0.0,0.0,0.0,0.0,0.0,0.6330714,0.0,0.0,0.0,0.25120005,0.0,0.82371145,0.0,0.0,0.0,0.8273914,0.0,0.0,0.897907,0.0,0.0,0.0,0.0,0.0,0.0,0.0,0.0,0.0,0.0,0.0,0.0,0.0,0.28824598,0.0,0.4313461,0.0,0.6082863,0.0,0.0,0.0,0.0,0.0,0.0,0.0,0.0,0.0,0.44437253,0.0,0.0,0.06610419,0.14928685,0.7389782,0.0,0.0,0.0,0.0,0.0,0.0,0.0,0.0,0.0,0.0,0.0,0.0,0.0,0.8901673,0.0,0.0,0.0,0.0,0.055579014,0.0,0.0,0.0,0.0,0.7347286,0.0,0.25558084,0.0,0.0,0.0,0.0,0.3860692,0.0,0.0,0.0,0.7070626,0.021845395,0.89729047,0.55950046,0.0,0.0,0.0,0.6451154,0.0
0.0,0.0,0.0,0.0,0.0,0.0,0.0,0.0,0.086832196,0.0,0.0,0.0,0.0,0.0,0.0,0.9029952,0.0,0.9361499,0.0,0.8797743,0.0,0.0,0.0,0.0,0.0,0.0,0.0,0.0,0.0,0.0,0.0,0.0,0.0,0.0,0.0,0.0,0.0,0.0,0.0,0.0,0.0,0.0,0.0,0.6335203,0.0,0.0,0.0,0.0,0.5975905,0.9450006,0.0,0.0,0.92593014,0.0,0.0,0.30381316,0.0,0.0,0.0,0.0,0.0,0.0,0.8402655,0.8851145,0.0,0.0,0.0,0.0,0.0,0.0,0.0,0.90540606,0.91233265,0.0,0.0,0.0,0.59279925,0.16991279,0.0,0.0,0.89278924,0.0,0.0,0.3221291,0.0,0.78584,0.0,0.32105723,0.0,0.5244527,0.0,0.0,0.0,0.0,0.0,0.03931292,0.0,0.4261357,0.0,0.0
0.0,0.0,0.0,0.0,0.0,0.0,0.43107876,0.0,0.9464779,0.0,0.0,0.0,0.0,0.0,0.0,0.1351519,0.11852786,0.0,0.48328468,0.0,0.0,0.0,0.0,0.0,0.0,0.78689903,0.0,0.0,0.0,0.0,0.0,0.0,0.0,0.0,0.0,0.8165391,0.0,0.0,0.0,0.73907846,0.0,0.0,0.0,0.23128304,0.0,0.0,0.0,0.0,0.97570574,0.0,0.0,0.0,0.0,0.0,0.0,0.81926006,0.919723,0.0,0.5970872,0.0,0.0,0.0,0.64781666,0.0,0.0,0.0,0.0,0.0,0.0,0.0,0.0,0.98569757,0.5014064,0.0,0.0,0.04073329,0.4591118,0.029495541,0.0,0.0,0.0,0.0,0.0,0.24027492,0.0,0.0,0.0,0.70970553,0.0,0.0,0.0,0.0,0.0,0.0,0.0,0.0,0.11358396,0.0,0.0,0.0
0.0,0.0,0.0,0.0,0.0,0.0,1.0,0.9179038,0.9395816,0.0,0.0,0.0,0.0,0.0,0.0,0.0,0.0008149586,0.00372576,0.6767687,0.0,0.0,0.0,0.0,0.0,0.5503922,0.0,0.0,0.0,0.0,1.0,0.0,0.0,0.0,0.0,0.9746998,0.0,0.0,0.0,1.0,0.0,0.0,0.0,0.0,0.0,0.0,0.0,0.0,0.0,0.23239166,0.0,0.67632574,0.0,0.0,0.0,0.0,0.58346134,0.056002557,0.0,0.0,1.0,0.0,0.0,0.0,0.0,0.0,0.0,0.0,0.0,0.0,0.0,0.0,0.0,0.0,0.0,0.0,0.0,0.12598376,0.021431485,0.0,0.0,0.0,0.0,0.7358594,0.0,0.0,0.0,0.0,0.0,0.0,0.0,0.0,0.0,0.9888756,0.0,0.2493353,0.0,0.0,0.56732357,0.0,0.0
0.0,0.0,0.0,0.9110317,0.9654904,0.0,0.0,0.0,0.0,0.0,0.49674836,0.0,0.0,0.0,0.0,0.0,0.82429326,0.0,0.0,0.0,0.7913269,0.0,0.0,1.0,0.0,0.0,0.0,0.0,0.0,0.0,0.0,0.0,0.0,0.0,0.0,0.0,0.0,0.31787804,0.0,0.50473326,0.0,0.60722554,0.0,0.0,0.0,0.0,0.0,0.0,0.0,0.0,0.0,0.38404658,0.0,0.0,0.21138266,0.26516,0.7205435,0.0,0.0,0.0,0.0,0.0,0.0,0.0,0.0,0.0,0.0,0.0,0.0,0.0,0.8301647,0.0,0.0,0.0,0.0144439,0.3009789,0.0,0.0,0.0,0.0,0.60567975,0.0,0.08942997,0.0,0.0,0.0,0.0,0.3954147,0.0,0.0,0.0,0.70473325,0.0,0.89358884,0.6693142,0.0,0.0,0.0,0.6696389,0.0
0.0,0.0,0.0,0.0,0.0,0.0,0.0,0.76663786,0.92350435,0.0,0.0,0.0,0.61250615,0.0,0.0,0.0,0.0,0.0,0.0,0.0,0.27843684,0.0,0.0,0.0,0.0,0.0,0.0,0.0,0.74078983,0.0,0.9984215,0.0,0.0,0.0,0.0,0.73849595,0.0,0.0,0.0,0.5077112,0.0,0.8165452,0.0,0.0,0.0,0.0,0.0,0.0,0.0,0.0,0.0,0.6494757,0.0,0.0,0.5142998,0.41193566,0.0,0.0,0.0,0.0,0.0,0.0,0.4105891,0.0,0.96462065,0.077958934,0.5554758,0.0,0.0,0.0,0.0,0.0,0.65390617,0.0,0.0,0.38455817,0.0,0.0,0.0,0.0,0.0,0.0,0.2847723,0.0,0.0,0.0,0.0,0.0058484706,0.0,0.0,0.0,0.29570335,0.0,0.3937223,0.45643312,0.0,0.7294666,0.0,0.5099174,0.0
0.0,0.0,0.0,0.0,0.0,0.0,0.036976285,0.0,0.32824463,0.0,0.0,0.0,0.0,0.0,0.0,0.0,0.0,0.32857636,0.0,0.83441293,0.0,0.0,0.0,0.0,0.81588143,0.54080844,0.0,0.0,0.0,0.0,0.0,0.0,0.0,0.0,0.0,0.0,0.0,0.0,0.0,0.0,0.0,0.0,0.0,0.7585062,0.0,0.0,0.0,0.0,0.0734691,0.81955767,0.53688633,0.0,0.5791971,0.0,0.0,0.3615014,0.0,0.0,0.10834205,0.0,0.0,0.0,0.0,0.9339684,0.0,0.0,0.0,0.0,0.0,0.0,0.0,0.72671306,0.0,0.9551217,0.0,0.0,0.8651842,0.0,0.0,0.0,0.0,0.0,0.18487822,0.0,0.0,0.9708512,0.0,0.05599828,0.0,0.999278,0.0,0.0,0.0,0.0,0.81383264,0.9244698,0.0,0.9354632,0.0,0.0
0.0,0.0,0.0,0.0,0.0,0.0,0.0,0.0,0.0,0.0,0.0,0.0,0.0,0.0,0.0,0.0,0.6112681,0.7059085,0.33414158,0.0,0.0,0.0,0.0,0.0,0.0,0.0,0.0,0.0,0.0,0.0,0.0,0.0,0.0,0.0,0.0,0.0,0.0,0.0,0.0,0.38369948,0.0,0.0,0.0,1.0,0.0,0.0,0.0,0.0,0.102925844,0.0,0.0,0.0,0.0,0.0,0.7301684,0.45133674,0.0,0.0,0.9065239,0.0,0.0,0.0,0.5999154,0.0,0.0,0.0,0.0,0.0,0.0,0.0,0.0,0.0,0.0,0.0,0.0,0.0,0.9413591,0.23811367,0.0,0.0,0.3552696,0.0,0.0,0.97847503,0.0,0.0,0.0,0.8075155,0.0,0.0,0.0,0.0,0.0,0.0,0.82392347,0.0,0.0,0.0,0.0,0.0
0.0,0.0,0.0,0.0,0.0,0.0,0.0,0.0,0.0,0.0,0.0,0.0,0.0,0.0,0.0,0.9027692,0.0,0.921215,0.0,0.9526784,0.0,0.0,0.0,0.0,0.0,0.0,0.0,0.0,0.0,0.0,0.0,0.0,0.0,0.0,0.0,0.0,0.0,0.0,0.0,0.0,0.0,0.0,0.0,0.6256148,0.0,0.0,0.0,0.0,0.67399406,0.8253056,0.0,0.0,1.0,0.0,0.0,0.17325811,0.0,0.0,0.0,0.0,0.0,0.0,0.79707354,0.93715763,0.0,0.0,0.0,0.0,0.0,0.0,0.0,0.90598977,0.91806144,0.0,0.0,0.0,0.44166392,0.1099362,0.0,0.0,0.8805096,0.0,0.0,0.2842257,0.0,0.9040991,0.0,0.3431926,0.0,0.5519002,0.0,0.0,0.0,0.0,0.0,0.1608055,0.0,0.43087205,0.0,0.0
0.0,0.0,0.0,0.0,0.0,0.0,0.5657592,0.83392316,0.7767887,0.0,0.0,0.0,0.0,0.0,0.0,0.0,0.320717,0.0,0.5544658,0.0,0.0,0.0,0.0,0.0,0.0,0.0,0.0,0.0,0.17042017,0.0,0.0,0.0,0.0,0.0,0.0,0.5747041,0.700959,0.0,0.0,0.7691834,0.0,0.0,0.0,0.0,0.0,0.0,0.0,0.0,0.54611456,0.0,0.0,0.0,0.0,0.0,0.0,0.6067738,0.0,0.85949135,0.09110554,0.0,0.0,0.0,0.37676504,0.0,0.0,0.0,0.0837756,0.0,0.0,0.0,0.0,0.0,0.07086907,0.0,0.0,0.4598807,0.0,0.8207693,0.0,0.9237179,0.19909087,0.84240705,0.0,0.0,0.0,0.0,0.0,0.29496038,0.95353734,0.0,0.0,0.0,0.0,0.0,0.37354842,0.0,0.84267056,0.0,0.0,0.0
0.0,0.0,0.0,0.0,0.0,0.0,0.0,0.08333881,0.0962224,0.0,0.0,0.44934383,0.0,0.0,0.0,0.0,0.906903,0.0,0.0,0.0,0.0,0.0,0.0,0.82095504,0.0,0.0,0.0,0.0,0.98907393,0.0,0.0,0.0,0.0,0.0,0.0,0.16471012,0.0,0.0,0.0,0.6448771,0.0,0.0,0.0,0.0,0.0,0.0,0.0,0.0,0.4215358,0.0,0.0,0.0,0.0,0.0,0.7229191,0.6727027,0.50072545,0.0,0.47859907,0.0,0.0,0.0,0.001241175,0.0,0.0,0.0,0.0,0.0,0.9689851,0.0,0.0,0.0,0.36970577,0.0,0.8302823,0.8898017,0.0,0.0,0.0,0.0,0.003293616,0.0,0.0,0.0,0.0,0.0,0.0,0.57706016,0.0,0.0,0.0,0.0,0.0,0.0,0.63584954,0.0,0.10015758,0.0,0.83338267,0.0
0.0,0.0,0.0,0.0,0.0,0.0,0.0,0.0,0.0,0.0,0.0,0.0,0.0,0.0,0.0,0.8882717,0.0,0.87406117,0.0,0.9531756,0.0,0.0,0.0,0.0,0.0,0.0,0.0,0.0,0.0,0.0,0.0,0.0,0.0,0.0,0.0,0.0,0.0,0.0,0.0,0.0,0.0,0.0,0.0,0.61080825,0.0,0.0,0.0,0.0,0.592798,1.0,0.0,0.0,0.895127,0.0,0.0,0.25294772,0.0,0.0,0.0,0.0,0.0,0.0,0.8040071,0.9470013,0.0,0.0,0.0,0.0,0.0,0.0,0.0,0.90214276,0.9629477,0.0,0.0,0.0,0.5723871,0.1705724,0.0,0.0,0.8898613,0.0,0.0,0.26574674,0.0,0.66024274,0.0,0.31140384,0.0,0.6175067,0.0,0.0,0.0,0.0,0.0,0.0,0.0,0.4798154,0.0,0.0
0.0,0.0,0.0,0.0,0.0,0.0,0.0,0.6955424,0.92876196,0.0,0.0,0.0,0.6800965,0.0,0.0,0.0,0.0,0.0,0.0,0.0,0.39443946,0.0,0.0,0.0,0.0,0.0,0.0,0.0,0.63956255,0.0,0.9914749,0.0,0.0,0.0,0.0,0.7832407,0.0,0.0,0.0,0.5050836,0.0,0.84782845,0.0,0.0,0.0,0.0,0.0,0.0,0.0,0.0,0.0,0.69259125,0.0,0.0,0.4951924,0.3425452,0.0,0.0,0.0,0.0,0.0,0.0,0.38215262,0.0,0.910704,0.16728808,0.523946,0.0,0.0,0.0,0.0,0.0,0.6603555,0.0,0.0,0.35567725,0.0,0.0,0.0,0.0,0.0,0.0,0.2929105,0.0,0.0,0.0,0.0,0.020559266,0.0,0.0,0.0,0.4056018,0.0,0.45307046,0.4692931,0.0,0.68493724,0.0,0.6089462,0.0
0.0,0.0,0.0,0.0,0.0,0.0,0.02294598,0.75003034,0.0,0.0,0.9195145,0.0,0.0,0.0,0.0,0.0,0.9026295,0.0,0.9836749,0.0,0.0,0.0,0.0,0.0,0.0,0.0,0.0,0.0,0.6505648,0.0,0.0,0.99890834,0.0,0.0,0.0,0.0,0.0,0.0,0.0,0.0,0.0,0.0,0.0,0.0,0.0,0.96480834,0.0,0.0,0.49867108,0.0,0.0,0.011762038,0.0,0.0,0.68213594,0.51759726,0.8732349,0.0,0.0,0.0,0.0,0.0,0.0,0.0,0.0,0.0,0.0,0.0,0.0,0.0,0.0,0.0,0.0,0.0,0.0,0.0,0.0,0.38407815,0.0,0.0,0.5678229,0.0,0.4541007,0.2810373,0.0,0.0,0.0,0.7152948,0.0,0.0,0.0,0.93580514,0.0,0.0,0.0,0.0,0.0,0.0,0.0,0.0
0.0,0.0,0.0,0.99575186,0.80473036,0.0,0.0,0.0,0.0,0.0,0.63754,0.0,0.0,0.0,0.34102198,0.0,0.8088981,0.0,0.0,0.0,0.7758036,0.0,0.0,0.8274637,0.0,0.0,0.0,0.0,0.0,0.0,0.0,0.0,0.0,0.0,0.0,0.0,0.06757131,0.26216432,0.0,0.50617665,0.0,0.517614,0.0,0.0,0.0,0.0,0.0,0.0,0.0,0.0,0.0,0.45048532,0.0,0.0,0.0,0.095408686,0.9426677,0.0,0.0,0.0,0.0,0.0,0.05537533,0.0,0.0,0.07932256,0.0,0.0,0.0,0.0,0.88499796,0.0,0.0,0.0,0.0,0.07929316,0.0,0.0,0.0,0.0,0.89106345,0.0,0.21951446,0.0,0.0,0.0,0.0,0.28828838,0.0,0.0,0.0,0.6588208,0.0,0.9469666,0.5628003,0.0,0.0,0.0,0.50522864,0.0
0.0,0.0,0.0,0.0,0.0,0.0,0.30845958,0.74672925,0.9538658,0.0,0.0,0.0,0.11423573,0.0,0.0,0.0,0.46642822,0.0,0.71960115,0.0,0.0,0.0,0.0,0.0,0.0,0.0,0.0,0.0,0.058446586,0.0,0.0,0.6217211,0.0,0.0,0.0,0.0,0.0,1.0,0.0,0.0,0.0,0.0,0.0,0.0,0.0,0.19753367,0.0,0.0,0.30607045,0.0,0.0,1.0,0.0,1.0,0.0,0.9832394,0.015588825,0.0,0.0,0.0,0.0,0.0,0.0,0.0,0.0,1.0,0.13865836,0.0,0.0,0.0,0.0,0.0,0.0,0.0,0.0,0.8537965,0.0,0.18602419,0.0,0.0,0.0,0.0,0.81988764,0.0,0.0,0.0,0.0,0.0,0.0,0.0,0.0,0.6567426,0.021371394,0.0,0.0,0.0,0.90042675,0.0,0.0,0.0
0.0,0.0,0.0,0.0,0.0,0.0,0.030500684,0.0,0.894802,0.0,0.8931361,0.0,0.0,0.0,0.0,0.0,0.116389364,0.10766229,0.65278846,0.0,0.0,0.0,0.0,0.0,0.0,0.0,0.0,0.0,0.0,0.0,0.0,0.0,0.0,0.0,0.8084405,0.0,0.8914742,0.0,0.0,0.0,0.0,0.0,0.0,0.0,0.0,0.0,0.0,0.0,0.6006876,0.0,0.0,0.0,0.0,0.0,0.0,0.73779875,0.0,0.0,0.5834874,0.0,0.0,0.0,0.3270429,0.0,0.0,0.0,1.0,0.0,0.0,0.0,0.0,0.28768173,0.5130665,0.0,0.0,0.0,0.41069186,0.8974267,0.0,0.0,0.77113694,0.0,0.0,0.38822943,0.0,0.0,0.0,0.3447462,0.0,0.0,0.0,0.0,0.0,0.0,0.375164,0.0,0.0,0.0,0.0,0.0
0.0,0.0,0.0,0.0,0.0,0.0,0.54866916,0.8587094,0.8245425,0.0,0.0,0.13626899,0.0,0.0,0.0,0.0,0.32914537,0.0,0.5141195,0.0,0.0,0.0,0.0,0.0,0.0,0.0,0.0,0.0,0.2923781,0.0,0.0,0.0,0.0,0.0,0.0,0.618178,0.7075576,0.0,0.0,0.778223,0.0,0.0,0.0,0.0,0.0,0.0,0.0,0.0,0.48492253,0.0,0.0,0.0,0.0,0.0,0.0,0.5286834,0.0,0.8953573,0.059437376,0.0,0.0,0.0,0.40145567,0.0,0.0,0.0,0.11205322,0.0,0.0,0.0,0.0,0.0,0.16409805,0.0,0.0,0.52426034,0.0,0.71798927,0.0,0.96887904,0.02360211,0.8729426,0.0,0.0,0.0,0.0,0.0,0.2893919,0.86715007,0.0,0.0,0.0,0.0,0.0,0.5049249,0.0,0.7747163,0.0,0.0,0.0
